1993,scans,0,DataLength,,,,,,,
header,20,lines,,,,,,,,
Date,23/07/2018,Time,13:47:01,,,,,,,
ID,HAL RC RGA 101 #15508,Version,3,,,,,,,
Scans,1,,,,,,,,,
Scan ID,Mode,Input,Scanned,Start,Stop,Increment,Dwell,Settle,RS,RelSEM
Scan 1,RGA,SEM,mass,0.4,100,0.05,100.00%,100.00%,1,1
Environment,,,,,,,,,,
Global,RGA,,,,,,,,,
F1,1,"( 1 = on, 0 = off )",,,,,,,,
F2,0,"( 1 = on, 0 = off )",,,,,,,,
cage,3,V,,,,,,,,
delta-m,0,%,,,,,,,,
electron-energy,70,V,,,,,,,,
emission,1000,uA,,,,,,,,
focus,-90,V,,,,,,,,
mass,5.5,amu,,,,,,,,
mode-change-delay,1000,ms,,,,,,,,
multiplier,800,V,,,,,,,,
resolution,0,%,,,,,,,,
Data,1,,,,,,,,,
Cycle,Time,ms,mass amu,SEM Ie(Amps),,,,,,
1,00:00:28,28242,0.4,5.38E-13,,,,,,
1,00:00:28,28242,0.45,0.00E+00,,,,,,
1,00:00:28,28242,0.5,3.23E-13,,,,,,
1,00:00:28,28242,0.55,1.08E-13,,,,,,
1,00:00:28,28242,0.6,3.23E-13,,,,,,
1,00:00:28,28242,0.65,3.76E-13,,,,,,
1,00:00:28,28242,0.7,3.76E-13,,,,,,
1,00:00:28,28242,0.75,2.86E-11,,,,,,
1,00:00:28,28242,0.8,9.13E-11,,,,,,
1,00:00:28,28242,0.85,1.10E-10,,,,,,
1,00:00:28,28242,0.9,1.23E-10,,,,,,
1,00:00:28,28242,0.95,1.22E-10,,,,,,
1,00:00:28,28242,1,7.67E-11,,,,,,
1,00:00:28,28242,1.05,3.49E-11,,,,,,
1,00:00:28,28242,1.1,2.44E-11,,,,,,
1,00:00:28,28242,1.15,2.16E-11,,,,,,
1,00:00:28,28242,1.2,2.07E-11,,,,,,
1,00:00:28,28242,1.25,1.99E-11,,,,,,
1,00:00:28,28242,1.3,2.02E-11,,,,,,
1,00:00:28,28242,1.35,1.70E-11,,,,,,
1,00:00:28,28242,1.4,1.37E-11,,,,,,
1,00:00:28,28242,1.45,7.87E-12,,,,,,
1,00:00:28,28242,1.5,2.18E-12,,,,,,
1,00:00:28,28242,1.55,7.87E-12,,,,,,
1,00:00:28,28242,1.6,1.42E-11,,,,,,
1,00:00:28,28242,1.65,6.40E-11,,,,,,
1,00:00:28,28242,1.7,1.25E-10,,,,,,
1,00:00:28,28242,1.75,1.28E-10,,,,,,
1,00:00:28,28242,1.8,1.54E-10,,,,,,
1,00:00:28,28242,1.85,1.82E-10,,,,,,
1,00:00:28,28242,1.9,1.99E-10,,,,,,
1,00:00:28,28242,1.95,2.08E-10,,,,,,
1,00:00:28,28242,2,2.15E-10,,,,,,
1,00:00:28,28242,2.05,2.15E-10,,,,,,
1,00:00:28,28242,2.1,2.21E-10,,,,,,
1,00:00:28,28242,2.15,2.18E-10,,,,,,
1,00:00:28,28242,2.2,2.13E-10,,,,,,
1,00:00:28,28242,2.25,2.08E-10,,,,,,
1,00:00:28,28242,2.3,2.01E-10,,,,,,
1,00:00:28,28242,2.35,1.82E-10,,,,,,
1,00:00:28,28242,2.4,1.52E-10,,,,,,
1,00:00:28,28242,2.45,7.78E-11,,,,,,
1,00:00:28,28242,2.5,2.42E-13,,,,,,
1,00:00:28,28242,2.55,5.38E-14,,,,,,
1,00:00:28,28242,2.6,2.42E-13,,,,,,
1,00:00:28,28242,2.65,5.11E-13,,,,,,
1,00:00:28,28242,2.7,4.57E-13,,,,,,
1,00:00:28,28242,2.75,4.57E-13,,,,,,
1,00:00:28,28242,2.8,9.68E-13,,,,,,
1,00:00:28,28242,2.85,9.68E-13,,,,,,
1,00:00:28,28242,2.9,1.34E-12,,,,,,
1,00:00:28,28242,2.95,1.29E-12,,,,,,
1,00:00:28,28242,3,1.88E-12,,,,,,
1,00:00:28,28242,3.05,1.94E-12,,,,,,
1,00:00:28,28242,3.1,2.15E-12,,,,,,
1,00:00:28,28242,3.15,1.69E-12,,,,,,
1,00:00:28,28242,3.2,1.72E-12,,,,,,
1,00:00:28,28242,3.25,1.91E-12,,,,,,
1,00:00:28,28242,3.3,1.72E-12,,,,,,
1,00:00:28,28242,3.35,1.59E-12,,,,,,
1,00:00:28,28242,3.4,1.56E-12,,,,,,
1,00:00:28,28242,3.45,1.24E-12,,,,,,
1,00:00:28,28242,3.5,7.79E-13,,,,,,
1,00:00:28,28242,3.55,8.06E-13,,,,,,
1,00:00:28,28242,3.6,4.03E-13,,,,,,
1,00:00:28,28242,3.65,4.03E-13,,,,,,
1,00:00:28,28242,3.7,7.53E-13,,,,,,
1,00:00:28,28242,3.75,1.05E-12,,,,,,
1,00:00:28,28242,3.8,6.99E-13,,,,,,
1,00:00:28,28242,3.85,7.26E-13,,,,,,
1,00:00:28,28242,3.9,7.26E-13,,,,,,
1,00:00:28,28242,3.95,5.64E-13,,,,,,
1,00:00:28,28242,4,5.64E-13,,,,,,
1,00:00:28,28242,4.05,9.94E-13,,,,,,
1,00:00:28,28242,4.1,5.38E-13,,,,,,
1,00:00:28,28242,4.15,5.64E-13,,,,,,
1,00:00:28,28242,4.2,9.94E-13,,,,,,
1,00:00:28,28242,4.25,5.38E-13,,,,,,
1,00:00:28,28242,4.3,8.87E-13,,,,,,
1,00:00:28,28242,4.35,7.79E-13,,,,,,
1,00:00:28,28242,4.4,8.60E-13,,,,,,
1,00:00:28,28242,4.45,5.11E-13,,,,,,
1,00:00:28,28242,4.5,6.72E-13,,,,,,
1,00:00:28,28242,4.55,5.11E-13,,,,,,
1,00:00:28,28242,4.6,6.18E-13,,,,,,
1,00:00:28,28242,4.65,2.42E-13,,,,,,
1,00:00:28,28242,4.7,6.72E-13,,,,,,
1,00:00:28,28242,4.75,7.53E-13,,,,,,
1,00:00:28,28242,4.8,6.18E-13,,,,,,
1,00:00:28,28242,4.85,6.99E-13,,,,,,
1,00:00:28,28242,4.9,5.11E-13,,,,,,
1,00:00:28,28242,4.95,6.45E-13,,,,,,
1,00:00:28,28242,5,6.99E-13,,,,,,
1,00:00:28,28242,5.05,7.79E-13,,,,,,
1,00:00:28,28242,5.1,8.60E-13,,,,,,
1,00:00:28,28242,5.15,9.41E-13,,,,,,
1,00:00:28,28242,5.2,7.26E-13,,,,,,
1,00:00:28,28242,5.25,6.99E-13,,,,,,
1,00:00:28,28242,5.3,8.06E-13,,,,,,
1,00:00:28,28242,5.35,9.41E-13,,,,,,
1,00:00:28,28242,5.4,5.38E-13,,,,,,
1,00:00:28,28242,5.45,4.84E-13,,,,,,
1,00:00:28,28242,5.5,8.87E-13,,,,,,
1,00:00:28,28242,5.55,6.18E-13,,,,,,
1,00:00:28,28242,5.6,3.23E-13,,,,,,
1,00:00:28,28242,5.65,4.57E-13,,,,,,
1,00:00:28,28242,5.7,8.06E-13,,,,,,
1,00:00:28,28242,5.75,6.45E-13,,,,,,
1,00:00:28,28242,5.8,6.45E-13,,,,,,
1,00:00:28,28242,5.85,8.06E-13,,,,,,
1,00:00:28,28242,5.9,6.45E-13,,,,,,
1,00:00:28,28242,5.95,9.41E-13,,,,,,
1,00:00:28,28242,6,8.60E-13,,,,,,
1,00:00:28,28242,6.05,5.64E-13,,,,,,
1,00:00:28,28242,6.1,8.87E-13,,,,,,
1,00:00:28,28242,6.15,7.79E-13,,,,,,
1,00:00:28,28242,6.2,8.60E-13,,,,,,
1,00:00:28,28242,6.25,8.33E-13,,,,,,
1,00:00:28,28242,6.3,3.23E-13,,,,,,
1,00:00:28,28242,6.35,6.99E-13,,,,,,
1,00:00:28,28242,6.4,5.38E-13,,,,,,
1,00:00:28,28242,6.45,8.60E-13,,,,,,
1,00:00:28,28242,6.5,9.41E-13,,,,,,
1,00:00:28,28242,6.55,7.53E-13,,,,,,
1,00:00:28,28242,6.6,5.11E-13,,,,,,
1,00:00:28,28242,6.65,6.45E-13,,,,,,
1,00:00:28,28242,6.7,6.18E-13,,,,,,
1,00:00:28,28242,6.75,5.38E-13,,,,,,
1,00:00:28,28242,6.8,5.64E-13,,,,,,
1,00:00:28,28242,6.85,5.11E-13,,,,,,
1,00:00:28,28242,6.9,8.60E-13,,,,,,
1,00:00:28,28242,6.95,5.38E-13,,,,,,
1,00:00:28,28242,7,7.53E-13,,,,,,
1,00:00:28,28242,7.05,3.23E-13,,,,,,
1,00:00:28,28242,7.1,5.38E-13,,,,,,
1,00:00:28,28242,7.15,6.99E-13,,,,,,
1,00:00:28,28242,7.2,5.64E-13,,,,,,
1,00:00:28,28242,7.25,7.53E-13,,,,,,
1,00:00:28,28242,7.3,6.99E-13,,,,,,
1,00:00:28,28242,7.35,3.49E-13,,,,,,
1,00:00:28,28242,7.4,4.30E-13,,,,,,
1,00:00:28,28242,7.45,5.64E-13,,,,,,
1,00:00:28,28242,7.5,6.18E-13,,,,,,
1,00:00:28,28242,7.55,5.11E-13,,,,,,
1,00:00:28,28242,7.6,6.18E-13,,,,,,
1,00:00:28,28242,7.65,6.72E-13,,,,,,
1,00:00:28,28242,7.7,8.33E-13,,,,,,
1,00:00:28,28242,7.75,2.69E-13,,,,,,
1,00:00:28,28242,7.8,6.72E-13,,,,,,
1,00:00:28,28242,7.85,6.99E-13,,,,,,
1,00:00:28,28242,7.9,2.42E-13,,,,,,
1,00:00:28,28242,7.95,8.33E-13,,,,,,
1,00:00:28,28242,8,7.79E-13,,,,,,
1,00:00:28,28242,8.05,6.45E-13,,,,,,
1,00:00:28,28242,8.1,7.79E-13,,,,,,
1,00:00:28,28242,8.15,7.26E-13,,,,,,
1,00:00:28,28242,8.2,8.60E-13,,,,,,
1,00:00:28,28242,8.25,5.38E-13,,,,,,
1,00:00:28,28242,8.3,5.64E-13,,,,,,
1,00:00:28,28242,8.35,4.57E-13,,,,,,
1,00:00:28,28242,8.4,6.99E-13,,,,,,
1,00:00:28,28242,8.45,8.87E-13,,,,,,
1,00:00:28,28242,8.5,8.33E-13,,,,,,
1,00:00:28,28242,8.55,5.91E-13,,,,,,
1,00:00:28,28242,8.6,4.57E-13,,,,,,
1,00:00:28,28242,8.65,5.38E-13,,,,,,
1,00:00:28,28242,8.7,1.08E-12,,,,,,
1,00:00:28,28242,8.75,4.84E-13,,,,,,
1,00:00:28,28242,8.8,5.38E-13,,,,,,
1,00:00:28,28242,8.85,4.84E-13,,,,,,
1,00:00:28,28242,8.9,6.99E-13,,,,,,
1,00:00:28,28242,8.95,7.79E-13,,,,,,
1,00:00:28,28242,9,3.23E-13,,,,,,
1,00:00:28,28242,9.05,5.64E-13,,,,,,
1,00:00:28,28242,9.1,3.23E-13,,,,,,
1,00:00:28,28242,9.15,6.45E-13,,,,,,
1,00:00:28,28242,9.2,5.91E-13,,,,,,
1,00:00:28,28242,9.25,4.30E-13,,,,,,
1,00:00:28,28242,9.3,4.57E-13,,,,,,
1,00:00:28,28242,9.35,5.91E-13,,,,,,
1,00:00:28,28242,9.4,6.45E-13,,,,,,
1,00:00:28,28242,9.45,5.91E-13,,,,,,
1,00:00:28,28242,9.5,9.14E-13,,,,,,
1,00:00:28,28242,9.55,7.79E-13,,,,,,
1,00:00:28,28242,9.6,4.84E-13,,,,,,
1,00:00:28,28242,9.65,5.64E-13,,,,,,
1,00:00:28,28242,9.7,6.72E-13,,,,,,
1,00:00:28,28242,9.75,6.99E-13,,,,,,
1,00:00:28,28242,9.8,6.45E-13,,,,,,
1,00:00:28,28242,9.85,4.84E-13,,,,,,
1,00:00:28,28242,9.9,6.72E-13,,,,,,
1,00:00:28,28242,9.95,8.06E-13,,,,,,
1,00:00:28,28242,10,6.45E-13,,,,,,
1,00:00:28,28242,10.05,7.26E-13,,,,,,
1,00:00:28,28242,10.1,6.45E-13,,,,,,
1,00:00:28,28242,10.15,6.45E-13,,,,,,
1,00:00:28,28242,10.2,2.96E-13,,,,,,
1,00:00:28,28242,10.25,2.42E-13,,,,,,
1,00:00:28,28242,10.3,5.91E-13,,,,,,
1,00:00:28,28242,10.35,6.45E-13,,,,,,
1,00:00:28,28242,10.4,5.91E-13,,,,,,
1,00:00:28,28242,10.45,6.18E-13,,,,,,
1,00:00:28,28242,10.5,6.18E-13,,,,,,
1,00:00:28,28242,10.55,5.38E-13,,,,,,
1,00:00:28,28242,10.6,3.76E-13,,,,,,
1,00:00:28,28242,10.65,8.87E-13,,,,,,
1,00:00:28,28242,10.7,7.53E-13,,,,,,
1,00:00:28,28242,10.75,3.23E-13,,,,,,
1,00:00:28,28242,10.8,8.33E-13,,,,,,
1,00:00:28,28242,10.85,7.79E-13,,,,,,
1,00:00:28,28242,10.9,6.45E-13,,,,,,
1,00:00:28,28242,10.95,6.18E-13,,,,,,
1,00:00:28,28242,11,7.26E-13,,,,,,
1,00:00:28,28242,11.05,4.03E-13,,,,,,
1,00:00:28,28242,11.1,5.91E-13,,,,,,
1,00:00:28,28242,11.15,6.72E-13,,,,,,
1,00:00:28,28242,11.2,8.33E-13,,,,,,
1,00:00:28,28242,11.25,4.30E-13,,,,,,
1,00:00:28,28242,11.3,6.72E-13,,,,,,
1,00:00:28,28242,11.35,5.38E-13,,,,,,
1,00:00:28,28242,11.4,7.79E-13,,,,,,
1,00:00:28,28242,11.45,6.18E-13,,,,,,
1,00:00:28,28242,11.5,7.26E-13,,,,,,
1,00:00:28,28242,11.55,8.60E-13,,,,,,
1,00:00:28,28242,11.6,8.60E-13,,,,,,
1,00:00:28,28242,11.65,4.30E-13,,,,,,
1,00:00:28,28242,11.7,5.38E-13,,,,,,
1,00:00:28,28242,11.75,1.32E-12,,,,,,
1,00:00:28,28242,11.8,1.13E-12,,,,,,
1,00:00:28,28242,11.85,1.75E-12,,,,,,
1,00:00:28,28242,11.9,1.72E-12,,,,,,
1,00:00:28,28242,11.95,1.99E-12,,,,,,
1,00:00:28,28242,12,1.85E-12,,,,,,
1,00:00:28,28242,12.05,1.85E-12,,,,,,
1,00:00:28,28242,12.1,1.77E-12,,,,,,
1,00:00:28,28242,12.15,1.67E-12,,,,,,
1,00:00:28,28242,12.2,1.91E-12,,,,,,
1,00:00:28,28242,12.25,1.88E-12,,,,,,
1,00:00:28,28242,12.3,1.64E-12,,,,,,
1,00:00:28,28242,12.35,1.56E-12,,,,,,
1,00:00:28,28242,12.4,1.13E-12,,,,,,
1,00:00:28,28242,12.45,1.02E-12,,,,,,
1,00:00:28,28242,12.5,5.64E-13,,,,,,
1,00:00:28,28242,12.55,5.91E-13,,,,,,
1,00:00:28,28242,12.6,6.18E-13,,,,,,
1,00:00:28,28242,12.65,9.14E-13,,,,,,
1,00:00:28,28242,12.7,8.60E-13,,,,,,
1,00:00:28,28242,12.75,6.99E-13,,,,,,
1,00:00:28,28242,12.8,1.08E-12,,,,,,
1,00:00:28,28242,12.85,9.41E-13,,,,,,
1,00:00:28,28242,12.9,6.99E-13,,,,,,
1,00:00:28,28242,12.95,8.87E-13,,,,,,
1,00:00:28,28242,13,8.60E-13,,,,,,
1,00:00:28,28242,13.05,8.87E-13,,,,,,
1,00:00:28,28242,13.1,1.02E-12,,,,,,
1,00:00:28,28242,13.15,8.33E-13,,,,,,
1,00:00:28,28242,13.2,8.33E-13,,,,,,
1,00:00:28,28242,13.25,6.18E-13,,,,,,
1,00:00:28,28242,13.3,8.06E-13,,,,,,
1,00:00:28,28242,13.35,8.06E-13,,,,,,
1,00:00:28,28242,13.4,1.13E-12,,,,,,
1,00:00:28,28242,13.45,8.33E-13,,,,,,
1,00:00:28,28242,13.5,1.10E-12,,,,,,
1,00:00:28,28242,13.55,7.53E-13,,,,,,
1,00:00:28,28242,13.6,8.06E-13,,,,,,
1,00:00:28,28242,13.65,8.60E-13,,,,,,
1,00:00:28,28242,13.7,1.10E-12,,,,,,
1,00:00:28,28242,13.75,1.05E-12,,,,,,
1,00:00:28,28242,13.8,1.13E-12,,,,,,
1,00:00:28,28242,13.85,1.10E-12,,,,,,
1,00:00:28,28242,13.9,1.05E-12,,,,,,
1,00:00:28,28242,13.95,1.05E-12,,,,,,
1,00:00:28,28242,14,1.29E-12,,,,,,
1,00:00:28,28242,14.05,1.21E-12,,,,,,
1,00:00:28,28242,14.1,1.16E-12,,,,,,
1,00:00:28,28242,14.15,1.08E-12,,,,,,
1,00:00:28,28242,14.2,1.13E-12,,,,,,
1,00:00:28,28242,14.25,1.18E-12,,,,,,
1,00:00:28,28242,14.3,9.41E-13,,,,,,
1,00:00:28,28242,14.35,9.94E-13,,,,,,
1,00:00:28,28242,14.4,1.13E-12,,,,,,
1,00:00:28,28242,14.45,1.02E-12,,,,,,
1,00:00:28,28242,14.5,1.08E-12,,,,,,
1,00:00:28,28242,14.55,9.94E-13,,,,,,
1,00:00:28,28242,14.6,7.26E-13,,,,,,
1,00:00:28,28242,14.65,1.18E-12,,,,,,
1,00:00:28,28242,14.7,1.37E-12,,,,,,
1,00:00:28,28242,14.75,1.26E-12,,,,,,
1,00:00:28,28242,14.8,1.29E-12,,,,,,
1,00:00:28,28242,14.85,1.18E-12,,,,,,
1,00:00:28,28242,14.9,1.24E-12,,,,,,
1,00:00:28,28242,14.95,9.68E-13,,,,,,
1,00:00:28,28242,15,9.94E-13,,,,,,
1,00:00:28,28242,15.05,1.05E-12,,,,,,
1,00:00:28,28242,15.1,1.67E-12,,,,,,
1,00:00:28,28242,15.15,1.08E-12,,,,,,
1,00:00:28,28242,15.2,1.29E-12,,,,,,
1,00:00:28,28242,15.25,1.24E-12,,,,,,
1,00:00:28,28242,15.3,1.18E-12,,,,,,
1,00:00:28,28242,15.35,1.05E-12,,,,,,
1,00:00:28,28242,15.4,9.41E-13,,,,,,
1,00:00:28,28242,15.45,1.13E-12,,,,,,
1,00:00:28,28242,15.5,1.02E-12,,,,,,
1,00:00:28,28242,15.55,1.21E-12,,,,,,
1,00:00:28,28242,15.6,1.16E-12,,,,,,
1,00:00:28,28242,15.65,1.48E-12,,,,,,
1,00:00:28,28242,15.7,1.67E-12,,,,,,
1,00:00:28,28242,15.75,2.07E-12,,,,,,
1,00:00:28,28242,15.8,2.74E-12,,,,,,
1,00:00:28,28242,15.85,2.93E-12,,,,,,
1,00:00:28,28242,15.9,3.41E-12,,,,,,
1,00:00:28,28242,15.95,3.09E-12,,,,,,
1,00:00:28,28242,16,3.31E-12,,,,,,
1,00:00:28,28242,16.05,3.28E-12,,,,,,
1,00:00:28,28242,16.1,3.06E-12,,,,,,
1,00:00:28,28242,16.15,3.28E-12,,,,,,
1,00:00:28,28242,16.2,3.23E-12,,,,,,
1,00:00:28,28242,16.25,2.82E-12,,,,,,
1,00:00:28,28242,16.3,2.77E-12,,,,,,
1,00:00:28,28242,16.35,2.39E-12,,,,,,
1,00:00:28,28242,16.4,1.61E-12,,,,,,
1,00:00:28,28242,16.45,1.10E-12,,,,,,
1,00:00:28,28242,16.5,9.94E-13,,,,,,
1,00:00:28,28242,16.55,1.08E-12,,,,,,
1,00:00:28,28242,16.6,7.26E-13,,,,,,
1,00:00:28,28242,16.65,1.45E-12,,,,,,
1,00:00:28,28242,16.7,1.83E-12,,,,,,
1,00:00:28,28242,16.75,2.39E-12,,,,,,
1,00:00:28,28242,16.8,3.31E-12,,,,,,
1,00:00:28,28242,16.85,3.31E-12,,,,,,
1,00:00:28,28242,16.9,4.09E-12,,,,,,
1,00:00:28,28242,16.95,3.82E-12,,,,,,
1,00:00:28,28242,17,3.74E-12,,,,,,
1,00:00:28,28242,17.05,3.95E-12,,,,,,
1,00:00:28,28242,17.1,4.11E-12,,,,,,
1,00:00:28,28242,17.15,3.79E-12,,,,,,
1,00:00:28,28242,17.2,3.41E-12,,,,,,
1,00:00:28,28242,17.25,3.47E-12,,,,,,
1,00:00:28,28242,17.3,3.47E-12,,,,,,
1,00:00:28,28242,17.35,2.58E-12,,,,,,
1,00:00:28,28242,17.4,2.10E-12,,,,,,
1,00:00:28,28242,17.45,1.02E-12,,,,,,
1,00:00:28,28242,17.5,1.10E-12,,,,,,
1,00:00:28,28242,17.55,1.08E-12,,,,,,
1,00:00:28,28242,17.6,1.42E-12,,,,,,
1,00:00:28,28242,17.65,8.06E-13,,,,,,
1,00:00:28,28242,17.7,2.96E-12,,,,,,
1,00:00:28,28242,17.75,4.35E-12,,,,,,
1,00:00:28,28242,17.8,5.48E-12,,,,,,
1,00:00:28,28242,17.85,6.29E-12,,,,,,
1,00:00:28,28242,17.9,7.20E-12,,,,,,
1,00:00:28,28242,17.95,6.69E-12,,,,,,
1,00:00:28,28242,18,7.63E-12,,,,,,
1,00:00:28,28242,18.05,7.53E-12,,,,,,
1,00:00:28,28242,18.1,7.31E-12,,,,,,
1,00:00:28,28242,18.15,6.93E-12,,,,,,
1,00:00:28,28242,18.2,7.15E-12,,,,,,
1,00:00:28,28242,18.25,6.15E-12,,,,,,
1,00:00:28,28242,18.3,6.34E-12,,,,,,
1,00:00:28,28242,18.35,4.78E-12,,,,,,
1,00:00:28,28242,18.4,3.66E-12,,,,,,
1,00:00:28,28242,18.45,1.08E-12,,,,,,
1,00:00:28,28242,18.5,1.13E-12,,,,,,
1,00:00:28,28242,18.55,1.29E-12,,,,,,
1,00:00:28,28242,18.6,1.29E-12,,,,,,
1,00:00:28,28242,18.65,1.16E-12,,,,,,
1,00:00:28,28242,18.7,1.16E-12,,,,,,
1,00:00:28,28242,18.75,1.51E-12,,,,,,
1,00:00:28,28242,18.8,8.87E-13,,,,,,
1,00:00:28,28242,18.85,1.48E-12,,,,,,
1,00:00:28,28242,18.9,1.37E-12,,,,,,
1,00:00:28,28242,18.95,1.18E-12,,,,,,
1,00:00:28,28242,19,1.51E-12,,,,,,
1,00:00:28,28242,19.05,1.10E-12,,,,,,
1,00:00:28,28242,19.1,1.51E-12,,,,,,
1,00:00:28,28242,19.15,1.29E-12,,,,,,
1,00:00:28,28242,19.2,1.56E-12,,,,,,
1,00:00:28,28242,19.25,1.40E-12,,,,,,
1,00:00:28,28242,19.3,1.32E-12,,,,,,
1,00:00:28,28242,19.35,9.68E-13,,,,,,
1,00:00:28,28242,19.4,1.16E-12,,,,,,
1,00:00:28,28242,19.45,1.26E-12,,,,,,
1,00:00:28,28242,19.5,9.41E-13,,,,,,
1,00:00:28,28242,19.55,1.02E-12,,,,,,
1,00:00:28,28242,19.6,5.91E-13,,,,,,
1,00:00:28,28242,19.65,1.21E-12,,,,,,
1,00:00:28,28242,19.7,9.41E-13,,,,,,
1,00:00:28,28242,19.75,1.10E-12,,,,,,
1,00:00:28,28242,19.8,1.16E-12,,,,,,
1,00:00:28,28242,19.85,1.13E-12,,,,,,
1,00:00:28,28242,19.9,1.24E-12,,,,,,
1,00:00:28,28242,19.95,1.16E-12,,,,,,
1,00:00:28,28242,20,1.05E-12,,,,,,
1,00:00:28,28242,20.05,1.05E-12,,,,,,
1,00:00:28,28242,20.1,1.05E-12,,,,,,
1,00:00:28,28242,20.15,7.26E-13,,,,,,
1,00:00:28,28242,20.2,1.40E-12,,,,,,
1,00:00:28,28242,20.25,1.10E-12,,,,,,
1,00:00:28,28242,20.3,9.94E-13,,,,,,
1,00:00:28,28242,20.35,9.68E-13,,,,,,
1,00:00:28,28242,20.4,1.05E-12,,,,,,
1,00:00:28,28242,20.45,1.10E-12,,,,,,
1,00:00:28,28242,20.5,9.14E-13,,,,,,
1,00:00:28,28242,20.55,9.68E-13,,,,,,
1,00:00:28,28242,20.6,8.87E-13,,,,,,
1,00:00:28,28242,20.65,1.16E-12,,,,,,
1,00:00:28,28242,20.7,6.99E-13,,,,,,
1,00:00:28,28242,20.75,8.06E-13,,,,,,
1,00:00:28,28242,20.8,1.05E-12,,,,,,
1,00:00:28,28242,20.85,7.53E-13,,,,,,
1,00:00:28,28242,20.9,9.94E-13,,,,,,
1,00:00:28,28242,20.95,1.05E-12,,,,,,
1,00:00:28,28242,21,7.79E-13,,,,,,
1,00:00:28,28242,21.05,6.99E-13,,,,,,
1,00:00:28,28242,21.1,8.06E-13,,,,,,
1,00:00:28,28242,21.15,1.24E-12,,,,,,
1,00:00:28,28242,21.2,8.60E-13,,,,,,
1,00:00:28,28242,21.25,1.02E-12,,,,,,
1,00:00:28,28242,21.3,1.34E-12,,,,,,
1,00:00:28,28242,21.35,8.60E-13,,,,,,
1,00:00:28,28242,21.4,8.06E-13,,,,,,
1,00:00:28,28242,21.45,8.87E-13,,,,,,
1,00:00:28,28242,21.5,1.05E-12,,,,,,
1,00:00:28,28242,21.55,9.41E-13,,,,,,
1,00:00:28,28242,21.6,1.21E-12,,,,,,
1,00:00:28,28242,21.65,8.06E-13,,,,,,
1,00:00:28,28242,21.7,8.33E-13,,,,,,
1,00:00:28,28242,21.75,8.87E-13,,,,,,
1,00:00:28,28242,21.8,7.53E-13,,,,,,
1,00:00:28,28242,21.85,1.29E-12,,,,,,
1,00:00:28,28242,21.9,1.10E-12,,,,,,
1,00:00:28,28242,21.95,8.06E-13,,,,,,
1,00:00:28,28242,22,1.05E-12,,,,,,
1,00:00:28,28242,22.05,5.38E-13,,,,,,
1,00:00:28,28242,22.1,1.32E-12,,,,,,
1,00:00:28,28242,22.15,9.14E-13,,,,,,
1,00:00:28,28242,22.2,9.94E-13,,,,,,
1,00:00:28,28242,22.25,6.18E-13,,,,,,
1,00:00:28,28242,22.3,6.99E-13,,,,,,
1,00:00:28,28242,22.35,8.60E-13,,,,,,
1,00:00:28,28242,22.4,1.29E-12,,,,,,
1,00:00:28,28242,22.45,8.06E-13,,,,,,
1,00:00:28,28242,22.5,8.87E-13,,,,,,
1,00:00:28,28242,22.55,8.06E-13,,,,,,
1,00:00:28,28242,22.6,9.68E-13,,,,,,
1,00:00:28,28242,22.65,9.41E-13,,,,,,
1,00:00:28,28242,22.7,6.72E-13,,,,,,
1,00:00:28,28242,22.75,8.60E-13,,,,,,
1,00:00:28,28242,22.8,9.14E-13,,,,,,
1,00:00:28,28242,22.85,4.57E-13,,,,,,
1,00:00:28,28242,22.9,8.33E-13,,,,,,
1,00:00:28,28242,22.95,8.33E-13,,,,,,
1,00:00:28,28242,23,1.32E-12,,,,,,
1,00:00:28,28242,23.05,7.79E-13,,,,,,
1,00:00:28,28242,23.1,7.53E-13,,,,,,
1,00:00:28,28242,23.15,9.41E-13,,,,,,
1,00:00:28,28242,23.2,1.26E-12,,,,,,
1,00:00:28,28242,23.25,1.10E-12,,,,,,
1,00:00:28,28242,23.3,7.79E-13,,,,,,
1,00:00:28,28242,23.35,8.33E-13,,,,,,
1,00:00:28,28242,23.4,9.94E-13,,,,,,
1,00:00:28,28242,23.45,9.14E-13,,,,,,
1,00:00:28,28242,23.5,5.91E-13,,,,,,
1,00:00:28,28242,23.55,9.94E-13,,,,,,
1,00:00:28,28242,23.6,8.60E-13,,,,,,
1,00:00:28,28242,23.65,8.87E-13,,,,,,
1,00:00:28,28242,23.7,1.24E-12,,,,,,
1,00:00:28,28242,23.75,8.33E-13,,,,,,
1,00:00:28,28242,23.8,6.45E-13,,,,,,
1,00:00:28,28242,23.85,1.10E-12,,,,,,
1,00:00:28,28242,23.9,1.13E-12,,,,,,
1,00:00:28,28242,23.95,9.41E-13,,,,,,
1,00:00:28,28242,24,8.33E-13,,,,,,
1,00:00:28,28242,24.05,9.94E-13,,,,,,
1,00:00:28,28242,24.1,1.08E-12,,,,,,
1,00:00:28,28242,24.15,8.33E-13,,,,,,
1,00:00:28,28242,24.2,9.94E-13,,,,,,
1,00:00:28,28242,24.25,8.33E-13,,,,,,
1,00:00:28,28242,24.3,8.06E-13,,,,,,
1,00:00:28,28242,24.35,9.41E-13,,,,,,
1,00:00:28,28242,24.4,1.29E-12,,,,,,
1,00:00:28,28242,24.45,9.94E-13,,,,,,
1,00:00:28,28242,24.5,9.14E-13,,,,,,
1,00:00:28,28242,24.55,9.14E-13,,,,,,
1,00:00:28,28242,24.6,9.14E-13,,,,,,
1,00:00:28,28242,24.65,1.02E-12,,,,,,
1,00:00:28,28242,24.7,1.02E-12,,,,,,
1,00:00:28,28242,24.75,9.94E-13,,,,,,
1,00:00:28,28242,24.8,8.33E-13,,,,,,
1,00:00:28,28242,24.85,9.94E-13,,,,,,
1,00:00:28,28242,24.9,4.84E-13,,,,,,
1,00:00:28,28242,24.95,1.05E-12,,,,,,
1,00:00:28,28242,25,9.41E-13,,,,,,
1,00:00:28,28242,25.05,1.02E-12,,,,,,
1,00:00:28,28242,25.1,9.68E-13,,,,,,
1,00:00:28,28242,25.15,4.84E-13,,,,,,
1,00:00:28,28242,25.2,1.13E-12,,,,,,
1,00:00:28,28242,25.25,8.33E-13,,,,,,
1,00:00:28,28242,25.3,9.94E-13,,,,,,
1,00:00:28,28242,25.35,1.08E-12,,,,,,
1,00:00:28,28242,25.4,1.13E-12,,,,,,
1,00:00:28,28242,25.45,1.24E-12,,,,,,
1,00:00:28,28242,25.5,9.94E-13,,,,,,
1,00:00:28,28242,25.55,8.60E-13,,,,,,
1,00:00:28,28242,25.6,8.60E-13,,,,,,
1,00:00:28,28242,25.65,1.16E-12,,,,,,
1,00:00:28,28242,25.7,1.10E-12,,,,,,
1,00:00:28,28242,25.75,6.72E-13,,,,,,
1,00:00:28,28242,25.8,1.40E-12,,,,,,
1,00:00:28,28242,25.85,1.02E-12,,,,,,
1,00:00:28,28242,25.9,1.18E-12,,,,,,
1,00:00:28,28242,25.95,1.24E-12,,,,,,
1,00:00:28,28242,26,1.13E-12,,,,,,
1,00:00:28,28242,26.05,1.24E-12,,,,,,
1,00:00:28,28242,26.1,7.79E-13,,,,,,
1,00:00:28,28242,26.15,1.08E-12,,,,,,
1,00:00:28,28242,26.2,1.26E-12,,,,,,
1,00:00:28,28242,26.25,8.06E-13,,,,,,
1,00:00:28,28242,26.3,8.06E-13,,,,,,
1,00:00:28,28242,26.35,1.16E-12,,,,,,
1,00:00:28,28242,26.4,1.13E-12,,,,,,
1,00:00:28,28242,26.45,9.41E-13,,,,,,
1,00:00:28,28242,26.5,1.05E-12,,,,,,
1,00:00:28,28242,26.55,8.87E-13,,,,,,
1,00:00:28,28242,26.6,1.05E-12,,,,,,
1,00:00:28,28242,26.65,8.33E-13,,,,,,
1,00:00:28,28242,26.7,9.41E-13,,,,,,
1,00:00:28,28242,26.75,9.41E-13,,,,,,
1,00:00:28,28242,26.8,8.06E-13,,,,,,
1,00:00:28,28242,26.85,7.79E-13,,,,,,
1,00:00:28,28242,26.9,1.13E-12,,,,,,
1,00:00:28,28242,26.95,7.79E-13,,,,,,
1,00:00:28,28242,27,6.72E-13,,,,,,
1,00:00:28,28242,27.05,5.64E-13,,,,,,
1,00:00:28,28242,27.1,1.26E-12,,,,,,
1,00:00:28,28242,27.15,9.68E-13,,,,,,
1,00:00:28,28242,27.2,1.08E-12,,,,,,
1,00:00:28,28242,27.25,7.79E-13,,,,,,
1,00:00:28,28242,27.3,1.18E-12,,,,,,
1,00:00:28,28242,27.35,1.05E-12,,,,,,
1,00:00:28,28242,27.4,9.41E-13,,,,,,
1,00:00:28,28242,27.45,9.14E-13,,,,,,
1,00:00:28,28242,27.5,9.14E-13,,,,,,
1,00:00:28,28242,27.55,8.06E-13,,,,,,
1,00:00:28,28242,27.6,1.45E-12,,,,,,
1,00:00:28,28242,27.65,2.31E-12,,,,,,
1,00:00:28,28242,27.7,3.25E-12,,,,,,
1,00:00:28,28242,27.75,3.68E-12,,,,,,
1,00:00:28,28242,27.8,4.30E-12,,,,,,
1,00:00:28,28242,27.85,4.81E-12,,,,,,
1,00:00:28,28242,27.9,4.41E-12,,,,,,
1,00:00:28,28242,27.95,4.57E-12,,,,,,
1,00:00:28,28242,28,4.70E-12,,,,,,
1,00:00:28,28242,28.05,4.76E-12,,,,,,
1,00:00:28,28242,28.1,4.25E-12,,,,,,
1,00:00:28,28242,28.15,4.43E-12,,,,,,
1,00:00:28,28242,28.2,4.00E-12,,,,,,
1,00:00:28,28242,28.25,4.11E-12,,,,,,
1,00:00:28,28242,28.3,3.52E-12,,,,,,
1,00:00:28,28242,28.35,2.98E-12,,,,,,
1,00:00:28,28242,28.4,2.02E-12,,,,,,
1,00:00:28,28242,28.45,1.02E-12,,,,,,
1,00:00:28,28242,28.5,9.94E-13,,,,,,
1,00:00:28,28242,28.55,8.33E-13,,,,,,
1,00:00:28,28242,28.6,1.13E-12,,,,,,
1,00:00:28,28242,28.65,8.87E-13,,,,,,
1,00:00:28,28242,28.7,9.68E-13,,,,,,
1,00:00:28,28242,28.75,8.06E-13,,,,,,
1,00:00:28,28242,28.8,7.79E-13,,,,,,
1,00:00:28,28242,28.85,6.99E-13,,,,,,
1,00:00:28,28242,28.9,7.79E-13,,,,,,
1,00:00:28,28242,28.95,1.05E-12,,,,,,
1,00:00:28,28242,29,9.94E-13,,,,,,
1,00:00:28,28242,29.05,8.87E-13,,,,,,
1,00:00:28,28242,29.1,1.02E-12,,,,,,
1,00:00:28,28242,29.15,7.79E-13,,,,,,
1,00:00:28,28242,29.2,1.08E-12,,,,,,
1,00:00:28,28242,29.25,8.06E-13,,,,,,
1,00:00:28,28242,29.3,8.06E-13,,,,,,
1,00:00:28,28242,29.35,8.33E-13,,,,,,
1,00:00:28,28242,29.4,5.64E-13,,,,,,
1,00:00:28,28242,29.45,6.45E-13,,,,,,
1,00:00:28,28242,29.5,9.14E-13,,,,,,
1,00:00:28,28242,29.55,9.41E-13,,,,,,
1,00:00:28,28242,29.6,8.60E-13,,,,,,
1,00:00:28,28242,29.65,8.06E-13,,,,,,
1,00:00:28,28242,29.7,9.41E-13,,,,,,
1,00:00:28,28242,29.75,8.87E-13,,,,,,
1,00:00:28,28242,29.8,9.41E-13,,,,,,
1,00:00:28,28242,29.85,9.41E-13,,,,,,
1,00:00:28,28242,29.9,9.14E-13,,,,,,
1,00:00:28,28242,29.95,6.72E-13,,,,,,
1,00:00:28,28242,30,1.10E-12,,,,,,
1,00:00:28,28242,30.05,6.99E-13,,,,,,
1,00:00:28,28242,30.1,5.91E-13,,,,,,
1,00:00:28,28242,30.15,6.45E-13,,,,,,
1,00:00:28,28242,30.2,5.64E-13,,,,,,
1,00:00:28,28242,30.25,6.72E-13,,,,,,
1,00:00:28,28242,30.3,7.53E-13,,,,,,
1,00:00:28,28242,30.35,9.14E-13,,,,,,
1,00:00:28,28242,30.4,9.68E-13,,,,,,
1,00:00:28,28242,30.45,6.18E-13,,,,,,
1,00:00:28,28242,30.5,9.14E-13,,,,,,
1,00:00:28,28242,30.55,9.68E-13,,,,,,
1,00:00:28,28242,30.6,7.53E-13,,,,,,
1,00:00:28,28242,30.65,1.02E-12,,,,,,
1,00:00:28,28242,30.7,5.91E-13,,,,,,
1,00:00:28,28242,30.75,1.08E-12,,,,,,
1,00:00:28,28242,30.8,7.79E-13,,,,,,
1,00:00:28,28242,30.85,6.72E-13,,,,,,
1,00:00:28,28242,30.9,9.14E-13,,,,,,
1,00:00:28,28242,30.95,7.53E-13,,,,,,
1,00:00:28,28242,31,6.99E-13,,,,,,
1,00:00:28,28242,31.05,8.06E-13,,,,,,
1,00:00:28,28242,31.1,8.33E-13,,,,,,
1,00:00:28,28242,31.15,9.94E-13,,,,,,
1,00:00:28,28242,31.2,9.41E-13,,,,,,
1,00:00:28,28242,31.25,8.87E-13,,,,,,
1,00:00:28,28242,31.3,8.06E-13,,,,,,
1,00:00:28,28242,31.35,5.64E-13,,,,,,
1,00:00:28,28242,31.4,8.87E-13,,,,,,
1,00:00:28,28242,31.45,8.33E-13,,,,,,
1,00:00:28,28242,31.5,9.68E-13,,,,,,
1,00:00:28,28242,31.55,1.05E-12,,,,,,
1,00:00:28,28242,31.6,8.33E-13,,,,,,
1,00:00:28,28242,31.65,8.06E-13,,,,,,
1,00:00:28,28242,31.7,9.14E-13,,,,,,
1,00:00:28,28242,31.75,4.84E-13,,,,,,
1,00:00:28,28242,31.8,1.02E-12,,,,,,
1,00:00:28,28242,31.85,8.06E-13,,,,,,
1,00:00:28,28242,31.9,7.26E-13,,,,,,
1,00:00:28,28242,31.95,7.53E-13,,,,,,
1,00:00:28,28242,32,1.05E-12,,,,,,
1,00:00:28,28242,32.05,9.41E-13,,,,,,
1,00:00:28,28242,32.1,8.60E-13,,,,,,
1,00:00:28,28242,32.15,5.11E-13,,,,,,
1,00:00:28,28242,32.2,8.87E-13,,,,,,
1,00:00:28,28242,32.25,1.26E-12,,,,,,
1,00:00:28,28242,32.3,1.42E-12,,,,,,
1,00:00:28,28242,32.35,9.68E-13,,,,,,
1,00:00:28,28242,32.4,8.87E-13,,,,,,
1,00:00:28,28242,32.45,9.68E-13,,,,,,
1,00:00:28,28242,32.5,9.68E-13,,,,,,
1,00:00:28,28242,32.55,8.06E-13,,,,,,
1,00:00:28,28242,32.6,9.68E-13,,,,,,
1,00:00:28,28242,32.65,8.33E-13,,,,,,
1,00:00:28,28242,32.7,5.91E-13,,,,,,
1,00:00:28,28242,32.75,1.16E-12,,,,,,
1,00:00:28,28242,32.8,8.33E-13,,,,,,
1,00:00:28,28242,32.85,9.68E-13,,,,,,
1,00:00:28,28242,32.9,6.45E-13,,,,,,
1,00:00:28,28242,32.95,6.45E-13,,,,,,
1,00:00:28,28242,33,8.06E-13,,,,,,
1,00:00:28,28242,33.05,5.11E-13,,,,,,
1,00:00:28,28242,33.1,8.87E-13,,,,,,
1,00:00:28,28242,33.15,5.91E-13,,,,,,
1,00:00:28,28242,33.2,1.05E-12,,,,,,
1,00:00:28,28242,33.25,9.68E-13,,,,,,
1,00:00:28,28242,33.3,1.02E-12,,,,,,
1,00:00:28,28242,33.35,7.26E-13,,,,,,
1,00:00:28,28242,33.4,7.79E-13,,,,,,
1,00:00:28,28242,33.45,1.05E-12,,,,,,
1,00:00:28,28242,33.5,5.64E-13,,,,,,
1,00:00:28,28242,33.55,8.33E-13,,,,,,
1,00:00:28,28242,33.6,6.45E-13,,,,,,
1,00:00:28,28242,33.65,9.14E-13,,,,,,
1,00:00:28,28242,33.7,5.64E-13,,,,,,
1,00:00:28,28242,33.75,5.91E-13,,,,,,
1,00:00:28,28242,33.8,1.05E-12,,,,,,
1,00:00:28,28242,33.85,7.79E-13,,,,,,
1,00:00:28,28242,33.9,5.64E-13,,,,,,
1,00:00:28,28242,33.95,9.94E-13,,,,,,
1,00:00:28,28242,34,8.33E-13,,,,,,
1,00:00:28,28242,34.05,7.79E-13,,,,,,
1,00:00:28,28242,34.1,7.26E-13,,,,,,
1,00:00:28,28242,34.15,8.87E-13,,,,,,
1,00:00:28,28242,34.2,9.14E-13,,,,,,
1,00:00:28,28242,34.25,4.84E-13,,,,,,
1,00:00:28,28242,34.3,8.60E-13,,,,,,
1,00:00:28,28242,34.35,6.45E-13,,,,,,
1,00:00:28,28242,34.4,8.87E-13,,,,,,
1,00:00:28,28242,34.45,6.18E-13,,,,,,
1,00:00:28,28242,34.5,8.33E-13,,,,,,
1,00:00:28,28242,34.55,7.53E-13,,,,,,
1,00:00:28,28242,34.6,8.60E-13,,,,,,
1,00:00:28,28242,34.65,8.60E-13,,,,,,
1,00:00:28,28242,34.7,4.84E-13,,,,,,
1,00:00:28,28242,34.75,1.02E-12,,,,,,
1,00:00:28,28242,34.8,7.26E-13,,,,,,
1,00:00:28,28242,34.85,8.87E-13,,,,,,
1,00:00:28,28242,34.9,8.87E-13,,,,,,
1,00:00:28,28242,34.95,9.68E-13,,,,,,
1,00:00:28,28242,35,6.99E-13,,,,,,
1,00:00:28,28242,35.05,1.02E-12,,,,,,
1,00:00:28,28242,35.1,7.26E-13,,,,,,
1,00:00:28,28242,35.15,8.60E-13,,,,,,
1,00:00:28,28242,35.2,9.68E-13,,,,,,
1,00:00:28,28242,35.25,9.41E-13,,,,,,
1,00:00:28,28242,35.3,4.30E-13,,,,,,
1,00:00:28,28242,35.35,6.18E-13,,,,,,
1,00:00:28,28242,35.4,6.99E-13,,,,,,
1,00:00:28,28242,35.45,9.41E-13,,,,,,
1,00:00:28,28242,35.5,6.18E-13,,,,,,
1,00:00:28,28242,35.55,8.06E-13,,,,,,
1,00:00:28,28242,35.6,7.53E-13,,,,,,
1,00:00:28,28242,35.65,7.53E-13,,,,,,
1,00:00:28,28242,35.7,1.21E-12,,,,,,
1,00:00:28,28242,35.75,1.08E-12,,,,,,
1,00:00:28,28242,35.8,6.45E-13,,,,,,
1,00:00:28,28242,35.85,8.87E-13,,,,,,
1,00:00:28,28242,35.9,9.14E-13,,,,,,
1,00:00:28,28242,35.95,7.26E-13,,,,,,
1,00:00:28,28242,36,8.06E-13,,,,,,
1,00:00:28,28242,36.05,8.87E-13,,,,,,
1,00:00:28,28242,36.1,8.60E-13,,,,,,
1,00:00:28,28242,36.15,5.64E-13,,,,,,
1,00:00:28,28242,36.2,9.68E-13,,,,,,
1,00:00:28,28242,36.25,8.87E-13,,,,,,
1,00:00:28,28242,36.3,9.94E-13,,,,,,
1,00:00:28,28242,36.35,7.26E-13,,,,,,
1,00:00:28,28242,36.4,6.45E-13,,,,,,
1,00:00:28,28242,36.45,8.87E-13,,,,,,
1,00:00:28,28242,36.5,7.26E-13,,,,,,
1,00:00:28,28242,36.55,6.99E-13,,,,,,
1,00:00:28,28242,36.6,8.87E-13,,,,,,
1,00:00:28,28242,36.65,5.38E-13,,,,,,
1,00:00:28,28242,36.7,7.53E-13,,,,,,
1,00:00:28,28242,36.75,9.41E-13,,,,,,
1,00:00:28,28242,36.8,8.06E-13,,,,,,
1,00:00:28,28242,36.85,1.29E-12,,,,,,
1,00:00:28,28242,36.9,6.18E-13,,,,,,
1,00:00:28,28242,36.95,8.33E-13,,,,,,
1,00:00:28,28242,37,4.30E-13,,,,,,
1,00:00:28,28242,37.05,1.16E-12,,,,,,
1,00:00:28,28242,37.1,8.87E-13,,,,,,
1,00:00:28,28242,37.15,8.60E-13,,,,,,
1,00:00:28,28242,37.2,7.79E-13,,,,,,
1,00:00:28,28242,37.25,5.38E-13,,,,,,
1,00:00:28,28242,37.3,8.33E-13,,,,,,
1,00:00:28,28242,37.35,6.99E-13,,,,,,
1,00:00:28,28242,37.4,8.33E-13,,,,,,
1,00:00:28,28242,37.45,7.53E-13,,,,,,
1,00:00:28,28242,37.5,7.53E-13,,,,,,
1,00:00:28,28242,37.55,4.84E-13,,,,,,
1,00:00:28,28242,37.6,9.68E-13,,,,,,
1,00:00:28,28242,37.65,1.16E-12,,,,,,
1,00:00:28,28242,37.7,7.53E-13,,,,,,
1,00:00:28,28242,37.75,6.72E-13,,,,,,
1,00:00:28,28242,37.8,9.14E-13,,,,,,
1,00:00:28,28242,37.85,6.72E-13,,,,,,
1,00:00:28,28242,37.9,9.68E-13,,,,,,
1,00:00:28,28242,37.95,6.18E-13,,,,,,
1,00:00:28,28242,38,6.45E-13,,,,,,
1,00:00:28,28242,38.05,7.53E-13,,,,,,
1,00:00:28,28242,38.1,9.14E-13,,,,,,
1,00:00:28,28242,38.15,8.33E-13,,,,,,
1,00:00:28,28242,38.2,5.64E-13,,,,,,
1,00:00:28,28242,38.25,9.41E-13,,,,,,
1,00:00:28,28242,38.3,7.26E-13,,,,,,
1,00:00:28,28242,38.35,9.68E-13,,,,,,
1,00:00:28,28242,38.4,7.53E-13,,,,,,
1,00:00:28,28242,38.45,9.68E-13,,,,,,
1,00:00:28,28242,38.5,9.14E-13,,,,,,
1,00:00:28,28242,38.55,6.99E-13,,,,,,
1,00:00:28,28242,38.6,5.64E-13,,,,,,
1,00:00:28,28242,38.65,8.60E-13,,,,,,
1,00:00:28,28242,38.7,8.33E-13,,,,,,
1,00:00:28,28242,38.75,9.94E-13,,,,,,
1,00:00:28,28242,38.8,4.57E-13,,,,,,
1,00:00:28,28242,38.85,6.45E-13,,,,,,
1,00:00:28,28242,38.9,7.26E-13,,,,,,
1,00:00:28,28242,38.95,6.45E-13,,,,,,
1,00:00:28,28242,39,6.18E-13,,,,,,
1,00:00:28,28242,39.05,1.10E-12,,,,,,
1,00:00:28,28242,39.1,7.79E-13,,,,,,
1,00:00:28,28242,39.15,9.14E-13,,,,,,
1,00:00:28,28242,39.2,6.72E-13,,,,,,
1,00:00:28,28242,39.25,1.10E-12,,,,,,
1,00:00:28,28242,39.3,8.87E-13,,,,,,
1,00:00:28,28242,39.35,5.38E-13,,,,,,
1,00:00:28,28242,39.4,9.94E-13,,,,,,
1,00:00:28,28242,39.45,1.02E-12,,,,,,
1,00:00:28,28242,39.5,1.16E-12,,,,,,
1,00:00:28,28242,39.55,1.13E-12,,,,,,
1,00:00:28,28242,39.6,8.87E-13,,,,,,
1,00:00:28,28242,39.65,9.68E-13,,,,,,
1,00:00:28,28242,39.7,9.41E-13,,,,,,
1,00:00:28,28242,39.75,8.06E-13,,,,,,
1,00:00:28,28242,39.8,6.18E-13,,,,,,
1,00:00:28,28242,39.85,1.02E-12,,,,,,
1,00:00:28,28242,39.9,1.05E-12,,,,,,
1,00:00:28,28242,39.95,1.13E-12,,,,,,
1,00:00:28,28242,40,8.87E-13,,,,,,
1,00:00:28,28242,40.05,6.99E-13,,,,,,
1,00:00:28,28242,40.1,5.38E-13,,,,,,
1,00:00:28,28242,40.15,1.05E-12,,,,,,
1,00:00:28,28242,40.2,9.94E-13,,,,,,
1,00:00:28,28242,40.25,1.08E-12,,,,,,
1,00:00:28,28242,40.3,8.87E-13,,,,,,
1,00:00:28,28242,40.35,1.05E-12,,,,,,
1,00:00:28,28242,40.4,9.14E-13,,,,,,
1,00:00:28,28242,40.45,1.13E-12,,,,,,
1,00:00:28,28242,40.5,8.87E-13,,,,,,
1,00:00:28,28242,40.55,5.91E-13,,,,,,
1,00:00:28,28242,40.6,1.24E-12,,,,,,
1,00:00:28,28242,40.65,6.72E-13,,,,,,
1,00:00:28,28242,40.7,8.60E-13,,,,,,
1,00:00:28,28242,40.75,6.45E-13,,,,,,
1,00:00:28,28242,40.8,1.29E-12,,,,,,
1,00:00:28,28242,40.85,1.26E-12,,,,,,
1,00:00:28,28242,40.9,1.18E-12,,,,,,
1,00:00:28,28242,40.95,8.87E-13,,,,,,
1,00:00:28,28242,41,7.53E-13,,,,,,
1,00:00:28,28242,41.05,7.53E-13,,,,,,
1,00:00:28,28242,41.1,7.53E-13,,,,,,
1,00:00:28,28242,41.15,9.68E-13,,,,,,
1,00:00:28,28242,41.2,8.87E-13,,,,,,
1,00:00:28,28242,41.25,1.08E-12,,,,,,
1,00:00:28,28242,41.3,9.94E-13,,,,,,
1,00:00:28,28242,41.35,9.94E-13,,,,,,
1,00:00:28,28242,41.4,1.24E-12,,,,,,
1,00:00:28,28242,41.45,1.02E-12,,,,,,
1,00:00:28,28242,41.5,9.94E-13,,,,,,
1,00:00:28,28242,41.55,1.16E-12,,,,,,
1,00:00:28,28242,41.6,8.33E-13,,,,,,
1,00:00:28,28242,41.65,1.02E-12,,,,,,
1,00:00:28,28242,41.7,9.41E-13,,,,,,
1,00:00:28,28242,41.75,7.53E-13,,,,,,
1,00:00:28,28242,41.8,6.72E-13,,,,,,
1,00:00:28,28242,41.85,1.02E-12,,,,,,
1,00:00:28,28242,41.9,7.53E-13,,,,,,
1,00:00:28,28242,41.95,9.94E-13,,,,,,
1,00:00:28,28242,42,9.14E-13,,,,,,
1,00:00:28,28242,42.05,7.79E-13,,,,,,
1,00:00:28,28242,42.1,1.05E-12,,,,,,
1,00:00:28,28242,42.15,8.06E-13,,,,,,
1,00:00:28,28242,42.2,5.91E-13,,,,,,
1,00:00:28,28242,42.25,9.14E-13,,,,,,
1,00:00:28,28242,42.3,7.53E-13,,,,,,
1,00:00:28,28242,42.35,1.45E-12,,,,,,
1,00:00:28,28242,42.4,8.60E-13,,,,,,
1,00:00:28,28242,42.45,1.18E-12,,,,,,
1,00:00:28,28242,42.5,4.57E-13,,,,,,
1,00:00:28,28242,42.55,9.68E-13,,,,,,
1,00:00:28,28242,42.6,8.60E-13,,,,,,
1,00:00:28,28242,42.65,1.02E-12,,,,,,
1,00:00:28,28242,42.7,8.60E-13,,,,,,
1,00:00:28,28242,42.75,9.14E-13,,,,,,
1,00:00:28,28242,42.8,1.02E-12,,,,,,
1,00:00:28,28242,42.85,9.41E-13,,,,,,
1,00:00:28,28242,42.9,1.08E-12,,,,,,
1,00:00:28,28242,42.95,9.94E-13,,,,,,
1,00:00:28,28242,43,8.06E-13,,,,,,
1,00:00:28,28242,43.05,1.05E-12,,,,,,
1,00:00:28,28242,43.1,9.41E-13,,,,,,
1,00:00:28,28242,43.15,8.33E-13,,,,,,
1,00:00:28,28242,43.2,8.06E-13,,,,,,
1,00:00:28,28242,43.25,8.87E-13,,,,,,
1,00:00:28,28242,43.3,7.79E-13,,,,,,
1,00:00:28,28242,43.35,9.41E-13,,,,,,
1,00:00:28,28242,43.4,8.60E-13,,,,,,
1,00:00:28,28242,43.45,1.16E-12,,,,,,
1,00:00:28,28242,43.5,1.51E-12,,,,,,
1,00:00:28,28242,43.55,1.64E-12,,,,,,
1,00:00:28,28242,43.6,1.61E-12,,,,,,
1,00:00:28,28242,43.65,1.91E-12,,,,,,
1,00:00:28,28242,43.7,2.45E-12,,,,,,
1,00:00:28,28242,43.75,2.53E-12,,,,,,
1,00:00:28,28242,43.8,2.71E-12,,,,,,
1,00:00:28,28242,43.85,2.96E-12,,,,,,
1,00:00:28,28242,43.9,3.20E-12,,,,,,
1,00:00:28,28242,43.95,3.17E-12,,,,,,
1,00:00:28,28242,44,2.98E-12,,,,,,
1,00:00:28,28242,44.05,2.80E-12,,,,,,
1,00:00:28,28242,44.1,2.50E-12,,,,,,
1,00:00:28,28242,44.15,2.77E-12,,,,,,
1,00:00:28,28242,44.2,3.06E-12,,,,,,
1,00:00:28,28242,44.25,2.42E-12,,,,,,
1,00:00:28,28242,44.3,1.88E-12,,,,,,
1,00:00:28,28242,44.35,1.77E-12,,,,,,
1,00:00:28,28242,44.4,1.32E-12,,,,,,
1,00:00:28,28242,44.45,1.13E-12,,,,,,
1,00:00:28,28242,44.5,8.60E-13,,,,,,
1,00:00:28,28242,44.55,9.94E-13,,,,,,
1,00:00:28,28242,44.6,8.87E-13,,,,,,
1,00:00:28,28242,44.65,7.79E-13,,,,,,
1,00:00:28,28242,44.7,1.13E-12,,,,,,
1,00:00:28,28242,44.75,1.16E-12,,,,,,
1,00:00:28,28242,44.8,1.02E-12,,,,,,
1,00:00:28,28242,44.85,7.53E-13,,,,,,
1,00:00:28,28242,44.9,1.10E-12,,,,,,
1,00:00:28,28242,44.95,1.08E-12,,,,,,
1,00:00:28,28242,45,9.41E-13,,,,,,
1,00:00:28,28242,45.05,1.05E-12,,,,,,
1,00:00:28,28242,45.1,1.08E-12,,,,,,
1,00:00:28,28242,45.15,9.41E-13,,,,,,
1,00:00:28,28242,45.2,6.72E-13,,,,,,
1,00:00:28,28242,45.25,1.18E-12,,,,,,
1,00:00:28,28242,45.3,1.13E-12,,,,,,
1,00:00:28,28242,45.35,1.02E-12,,,,,,
1,00:00:28,28242,45.4,1.16E-12,,,,,,
1,00:00:28,28242,45.45,8.33E-13,,,,,,
1,00:00:28,28242,45.5,8.60E-13,,,,,,
1,00:00:28,28242,45.55,6.99E-13,,,,,,
1,00:00:28,28242,45.6,1.18E-12,,,,,,
1,00:00:28,28242,45.65,1.10E-12,,,,,,
1,00:00:28,28242,45.7,7.79E-13,,,,,,
1,00:00:28,28242,45.75,7.53E-13,,,,,,
1,00:00:28,28242,45.8,7.79E-13,,,,,,
1,00:00:28,28242,45.85,1.13E-12,,,,,,
1,00:00:28,28242,45.9,1.02E-12,,,,,,
1,00:00:28,28242,45.95,8.87E-13,,,,,,
1,00:00:28,28242,46,8.87E-13,,,,,,
1,00:00:28,28242,46.05,7.79E-13,,,,,,
1,00:00:28,28242,46.1,9.14E-13,,,,,,
1,00:00:28,28242,46.15,8.33E-13,,,,,,
1,00:00:28,28242,46.2,1.02E-12,,,,,,
1,00:00:28,28242,46.25,1.02E-12,,,,,,
1,00:00:28,28242,46.3,9.14E-13,,,,,,
1,00:00:28,28242,46.35,7.53E-13,,,,,,
1,00:00:28,28242,46.4,1.34E-12,,,,,,
1,00:00:28,28242,46.45,5.64E-13,,,,,,
1,00:00:28,28242,46.5,8.33E-13,,,,,,
1,00:00:28,28242,46.55,8.33E-13,,,,,,
1,00:00:28,28242,46.6,8.87E-13,,,,,,
1,00:00:28,28242,46.65,7.26E-13,,,,,,
1,00:00:28,28242,46.7,1.05E-12,,,,,,
1,00:00:28,28242,46.75,6.99E-13,,,,,,
1,00:00:28,28242,46.8,8.87E-13,,,,,,
1,00:00:28,28242,46.85,1.24E-12,,,,,,
1,00:00:28,28242,46.9,1.10E-12,,,,,,
1,00:00:28,28242,46.95,8.87E-13,,,,,,
1,00:00:28,28242,47,5.91E-13,,,,,,
1,00:00:28,28242,47.05,9.68E-13,,,,,,
1,00:00:28,28242,47.1,7.79E-13,,,,,,
1,00:00:28,28242,47.15,1.02E-12,,,,,,
1,00:00:28,28242,47.2,1.05E-12,,,,,,
1,00:00:28,28242,47.25,7.79E-13,,,,,,
1,00:00:28,28242,47.3,8.60E-13,,,,,,
1,00:00:28,28242,47.35,1.02E-12,,,,,,
1,00:00:28,28242,47.4,1.21E-12,,,,,,
1,00:00:28,28242,47.45,8.60E-13,,,,,,
1,00:00:28,28242,47.5,9.68E-13,,,,,,
1,00:00:28,28242,47.55,1.08E-12,,,,,,
1,00:00:28,28242,47.6,9.41E-13,,,,,,
1,00:00:28,28242,47.65,7.53E-13,,,,,,
1,00:00:28,28242,47.7,7.79E-13,,,,,,
1,00:00:28,28242,47.75,8.33E-13,,,,,,
1,00:00:28,28242,47.8,9.41E-13,,,,,,
1,00:00:28,28242,47.85,8.60E-13,,,,,,
1,00:00:28,28242,47.9,7.26E-13,,,,,,
1,00:00:28,28242,47.95,7.53E-13,,,,,,
1,00:00:28,28242,48,1.08E-12,,,,,,
1,00:00:28,28242,48.05,8.60E-13,,,,,,
1,00:00:28,28242,48.1,1.37E-12,,,,,,
1,00:00:28,28242,48.15,6.72E-13,,,,,,
1,00:00:28,28242,48.2,1.02E-12,,,,,,
1,00:00:28,28242,48.25,1.24E-12,,,,,,
1,00:00:28,28242,48.3,7.26E-13,,,,,,
1,00:00:28,28242,48.35,7.53E-13,,,,,,
1,00:00:28,28242,48.4,8.60E-13,,,,,,
1,00:00:28,28242,48.45,1.13E-12,,,,,,
1,00:00:28,28242,48.5,1.02E-12,,,,,,
1,00:00:28,28242,48.55,8.33E-13,,,,,,
1,00:00:28,28242,48.6,9.41E-13,,,,,,
1,00:00:28,28242,48.65,9.94E-13,,,,,,
1,00:00:28,28242,48.7,1.08E-12,,,,,,
1,00:00:28,28242,48.75,9.68E-13,,,,,,
1,00:00:28,28242,48.8,1.13E-12,,,,,,
1,00:00:28,28242,48.85,9.94E-13,,,,,,
1,00:00:28,28242,48.9,9.41E-13,,,,,,
1,00:00:28,28242,48.95,9.94E-13,,,,,,
1,00:00:28,28242,49,1.02E-12,,,,,,
1,00:00:28,28242,49.05,9.94E-13,,,,,,
1,00:00:28,28242,49.1,8.33E-13,,,,,,
1,00:00:28,28242,49.15,9.68E-13,,,,,,
1,00:00:28,28242,49.2,1.05E-12,,,,,,
1,00:00:28,28242,49.25,1.16E-12,,,,,,
1,00:00:28,28242,49.3,1.18E-12,,,,,,
1,00:00:28,28242,49.35,1.10E-12,,,,,,
1,00:00:28,28242,49.4,9.41E-13,,,,,,
1,00:00:28,28242,49.45,8.87E-13,,,,,,
1,00:00:28,28242,49.5,1.10E-12,,,,,,
1,00:00:28,28242,49.55,8.60E-13,,,,,,
1,00:00:28,28242,49.6,1.32E-12,,,,,,
1,00:00:28,28242,49.65,7.53E-13,,,,,,
1,00:00:28,28242,49.7,1.24E-12,,,,,,
1,00:00:28,28242,49.75,1.08E-12,,,,,,
1,00:00:28,28242,49.8,8.87E-13,,,,,,
1,00:00:28,28242,49.85,1.18E-12,,,,,,
1,00:00:28,28242,49.9,1.02E-12,,,,,,
1,00:00:28,28242,49.95,1.21E-12,,,,,,
1,00:00:28,28242,50,1.13E-12,,,,,,
1,00:00:28,28242,50.05,9.14E-13,,,,,,
1,00:00:28,28242,50.1,1.21E-12,,,,,,
1,00:00:28,28242,50.15,1.05E-12,,,,,,
1,00:00:28,28242,50.2,9.94E-13,,,,,,
1,00:00:28,28242,50.25,7.26E-13,,,,,,
1,00:00:28,28242,50.3,1.02E-12,,,,,,
1,00:00:28,28242,50.35,9.14E-13,,,,,,
1,00:00:28,28242,50.4,7.26E-13,,,,,,
1,00:00:28,28242,50.45,8.06E-13,,,,,,
1,00:00:28,28242,50.5,1.24E-12,,,,,,
1,00:00:28,28242,50.55,7.79E-13,,,,,,
1,00:00:28,28242,50.6,9.94E-13,,,,,,
1,00:00:28,28242,50.65,9.94E-13,,,,,,
1,00:00:28,28242,50.7,1.24E-12,,,,,,
1,00:00:28,28242,50.75,9.14E-13,,,,,,
1,00:00:28,28242,50.8,8.87E-13,,,,,,
1,00:00:28,28242,50.85,9.41E-13,,,,,,
1,00:00:28,28242,50.9,1.13E-12,,,,,,
1,00:00:28,28242,50.95,8.87E-13,,,,,,
1,00:00:28,28242,51,8.33E-13,,,,,,
1,00:00:28,28242,51.05,1.40E-12,,,,,,
1,00:00:28,28242,51.1,9.41E-13,,,,,,
1,00:00:28,28242,51.15,7.53E-13,,,,,,
1,00:00:28,28242,51.2,7.53E-13,,,,,,
1,00:00:28,28242,51.25,1.13E-12,,,,,,
1,00:00:28,28242,51.3,9.14E-13,,,,,,
1,00:00:28,28242,51.35,8.60E-13,,,,,,
1,00:00:28,28242,51.4,8.87E-13,,,,,,
1,00:00:28,28242,51.45,1.32E-12,,,,,,
1,00:00:28,28242,51.5,6.99E-13,,,,,,
1,00:00:28,28242,51.55,8.60E-13,,,,,,
1,00:00:28,28242,51.6,8.87E-13,,,,,,
1,00:00:28,28242,51.65,1.32E-12,,,,,,
1,00:00:28,28242,51.7,9.14E-13,,,,,,
1,00:00:28,28242,51.75,7.53E-13,,,,,,
1,00:00:28,28242,51.8,9.41E-13,,,,,,
1,00:00:28,28242,51.85,9.41E-13,,,,,,
1,00:00:28,28242,51.9,9.94E-13,,,,,,
1,00:00:28,28242,51.95,8.33E-13,,,,,,
1,00:00:28,28242,52,7.26E-13,,,,,,
1,00:00:28,28242,52.05,9.68E-13,,,,,,
1,00:00:28,28242,52.1,1.10E-12,,,,,,
1,00:00:28,28242,52.15,8.06E-13,,,,,,
1,00:00:28,28242,52.2,6.72E-13,,,,,,
1,00:00:28,28242,52.25,1.10E-12,,,,,,
1,00:00:28,28242,52.3,6.72E-13,,,,,,
1,00:00:28,28242,52.35,8.87E-13,,,,,,
1,00:00:28,28242,52.4,9.94E-13,,,,,,
1,00:00:28,28242,52.45,9.68E-13,,,,,,
1,00:00:28,28242,52.5,9.41E-13,,,,,,
1,00:00:28,28242,52.55,1.05E-12,,,,,,
1,00:00:28,28242,52.6,9.68E-13,,,,,,
1,00:00:28,28242,52.65,1.05E-12,,,,,,
1,00:00:28,28242,52.7,1.24E-12,,,,,,
1,00:00:28,28242,52.75,1.21E-12,,,,,,
1,00:00:28,28242,52.8,9.14E-13,,,,,,
1,00:00:28,28242,52.85,7.26E-13,,,,,,
1,00:00:28,28242,52.9,1.16E-12,,,,,,
1,00:00:28,28242,52.95,9.41E-13,,,,,,
1,00:00:28,28242,53,1.02E-12,,,,,,
1,00:00:28,28242,53.05,7.26E-13,,,,,,
1,00:00:28,28242,53.1,1.05E-12,,,,,,
1,00:00:28,28242,53.15,7.53E-13,,,,,,
1,00:00:28,28242,53.2,1.18E-12,,,,,,
1,00:00:28,28242,53.25,6.45E-13,,,,,,
1,00:00:28,28242,53.3,9.14E-13,,,,,,
1,00:00:28,28242,53.35,8.06E-13,,,,,,
1,00:00:28,28242,53.4,7.26E-13,,,,,,
1,00:00:28,28242,53.45,1.08E-12,,,,,,
1,00:00:28,28242,53.5,1.18E-12,,,,,,
1,00:00:28,28242,53.55,7.26E-13,,,,,,
1,00:00:28,28242,53.6,1.16E-12,,,,,,
1,00:00:28,28242,53.65,8.87E-13,,,,,,
1,00:00:28,28242,53.7,7.79E-13,,,,,,
1,00:00:28,28242,53.75,1.02E-12,,,,,,
1,00:00:28,28242,53.8,8.33E-13,,,,,,
1,00:00:28,28242,53.85,8.87E-13,,,,,,
1,00:00:28,28242,53.9,7.53E-13,,,,,,
1,00:00:28,28242,53.95,1.13E-12,,,,,,
1,00:00:28,28242,54,9.94E-13,,,,,,
1,00:00:28,28242,54.05,1.02E-12,,,,,,
1,00:00:28,28242,54.1,1.02E-12,,,,,,
1,00:00:28,28242,54.15,1.02E-12,,,,,,
1,00:00:28,28242,54.2,7.26E-13,,,,,,
1,00:00:28,28242,54.25,1.08E-12,,,,,,
1,00:00:28,28242,54.3,9.41E-13,,,,,,
1,00:00:28,28242,54.35,8.33E-13,,,,,,
1,00:00:28,28242,54.4,8.60E-13,,,,,,
1,00:00:28,28242,54.45,1.05E-12,,,,,,
1,00:00:28,28242,54.5,7.26E-13,,,,,,
1,00:00:28,28242,54.55,1.10E-12,,,,,,
1,00:00:28,28242,54.6,1.05E-12,,,,,,
1,00:00:28,28242,54.65,7.53E-13,,,,,,
1,00:00:28,28242,54.7,8.60E-13,,,,,,
1,00:00:28,28242,54.75,9.41E-13,,,,,,
1,00:00:28,28242,54.8,7.79E-13,,,,,,
1,00:00:28,28242,54.85,9.94E-13,,,,,,
1,00:00:28,28242,54.9,1.10E-12,,,,,,
1,00:00:28,28242,54.95,7.53E-13,,,,,,
1,00:00:28,28242,55,7.53E-13,,,,,,
1,00:00:28,28242,55.05,6.99E-13,,,,,,
1,00:00:28,28242,55.1,7.53E-13,,,,,,
1,00:00:28,28242,55.15,1.05E-12,,,,,,
1,00:00:28,28242,55.2,6.72E-13,,,,,,
1,00:00:28,28242,55.25,8.60E-13,,,,,,
1,00:00:28,28242,55.3,6.99E-13,,,,,,
1,00:00:28,28242,55.35,7.79E-13,,,,,,
1,00:00:28,28242,55.4,7.26E-13,,,,,,
1,00:00:28,28242,55.45,6.72E-13,,,,,,
1,00:00:28,28242,55.5,1.08E-12,,,,,,
1,00:00:28,28242,55.55,7.53E-13,,,,,,
1,00:00:28,28242,55.6,9.41E-13,,,,,,
1,00:00:28,28242,55.65,7.53E-13,,,,,,
1,00:00:28,28242,55.7,7.53E-13,,,,,,
1,00:00:28,28242,55.75,6.72E-13,,,,,,
1,00:00:28,28242,55.8,7.26E-13,,,,,,
1,00:00:28,28242,55.85,8.06E-13,,,,,,
1,00:00:28,28242,55.9,7.26E-13,,,,,,
1,00:00:28,28242,55.95,8.06E-13,,,,,,
1,00:00:28,28242,56,9.14E-13,,,,,,
1,00:00:28,28242,56.05,6.72E-13,,,,,,
1,00:00:28,28242,56.1,6.99E-13,,,,,,
1,00:00:28,28242,56.15,9.41E-13,,,,,,
1,00:00:28,28242,56.2,6.72E-13,,,,,,
1,00:00:28,28242,56.25,8.33E-13,,,,,,
1,00:00:28,28242,56.3,6.99E-13,,,,,,
1,00:00:28,28242,56.35,5.64E-13,,,,,,
1,00:00:28,28242,56.4,6.45E-13,,,,,,
1,00:00:28,28242,56.45,9.41E-13,,,,,,
1,00:00:28,28242,56.5,6.18E-13,,,,,,
1,00:00:28,28242,56.55,5.64E-13,,,,,,
1,00:00:28,28242,56.6,8.33E-13,,,,,,
1,00:00:28,28242,56.65,7.79E-13,,,,,,
1,00:00:28,28242,56.7,2.69E-13,,,,,,
1,00:00:28,28242,56.75,1.13E-12,,,,,,
1,00:00:28,28242,56.8,4.30E-13,,,,,,
1,00:00:28,28242,56.85,8.06E-13,,,,,,
1,00:00:28,28242,56.9,4.57E-13,,,,,,
1,00:00:28,28242,56.95,7.79E-13,,,,,,
1,00:00:28,28242,57,5.38E-13,,,,,,
1,00:00:28,28242,57.05,9.14E-13,,,,,,
1,00:00:28,28242,57.1,5.64E-13,,,,,,
1,00:00:28,28242,57.15,8.33E-13,,,,,,
1,00:00:28,28242,57.2,6.45E-13,,,,,,
1,00:00:28,28242,57.25,9.68E-13,,,,,,
1,00:00:28,28242,57.3,5.11E-13,,,,,,
1,00:00:28,28242,57.35,6.72E-13,,,,,,
1,00:00:28,28242,57.4,9.14E-13,,,,,,
1,00:00:28,28242,57.45,6.45E-13,,,,,,
1,00:00:28,28242,57.5,7.26E-13,,,,,,
1,00:00:28,28242,57.55,8.33E-13,,,,,,
1,00:00:28,28242,57.6,8.60E-13,,,,,,
1,00:00:28,28242,57.65,7.53E-13,,,,,,
1,00:00:28,28242,57.7,8.60E-13,,,,,,
1,00:00:28,28242,57.75,8.60E-13,,,,,,
1,00:00:28,28242,57.8,8.33E-13,,,,,,
1,00:00:28,28242,57.85,8.33E-13,,,,,,
1,00:00:28,28242,57.9,1.16E-12,,,,,,
1,00:00:28,28242,57.95,9.68E-13,,,,,,
1,00:00:28,28242,58,9.68E-13,,,,,,
1,00:00:28,28242,58.05,7.53E-13,,,,,,
1,00:00:28,28242,58.1,1.13E-12,,,,,,
1,00:00:28,28242,58.15,1.05E-12,,,,,,
1,00:00:28,28242,58.2,1.10E-12,,,,,,
1,00:00:28,28242,58.25,9.68E-13,,,,,,
1,00:00:28,28242,58.3,1.02E-12,,,,,,
1,00:00:28,28242,58.35,8.87E-13,,,,,,
1,00:00:28,28242,58.4,7.79E-13,,,,,,
1,00:00:28,28242,58.45,1.05E-12,,,,,,
1,00:00:28,28242,58.5,1.08E-12,,,,,,
1,00:00:28,28242,58.55,8.06E-13,,,,,,
1,00:00:28,28242,58.6,9.94E-13,,,,,,
1,00:00:28,28242,58.65,1.02E-12,,,,,,
1,00:00:28,28242,58.7,7.26E-13,,,,,,
1,00:00:28,28242,58.75,8.87E-13,,,,,,
1,00:00:28,28242,58.8,9.68E-13,,,,,,
1,00:00:28,28242,58.85,9.14E-13,,,,,,
1,00:00:28,28242,58.9,4.57E-13,,,,,,
1,00:00:28,28242,58.95,8.33E-13,,,,,,
1,00:00:28,28242,59,1.08E-12,,,,,,
1,00:00:28,28242,59.05,8.06E-13,,,,,,
1,00:00:28,28242,59.1,1.13E-12,,,,,,
1,00:00:28,28242,59.15,7.53E-13,,,,,,
1,00:00:28,28242,59.2,1.37E-12,,,,,,
1,00:00:28,28242,59.25,8.06E-13,,,,,,
1,00:00:28,28242,59.3,9.41E-13,,,,,,
1,00:00:28,28242,59.35,7.79E-13,,,,,,
1,00:00:28,28242,59.4,9.41E-13,,,,,,
1,00:00:28,28242,59.45,7.26E-13,,,,,,
1,00:00:28,28242,59.5,9.94E-13,,,,,,
1,00:00:28,28242,59.55,9.68E-13,,,,,,
1,00:00:28,28242,59.6,9.14E-13,,,,,,
1,00:00:28,28242,59.65,6.72E-13,,,,,,
1,00:00:28,28242,59.7,1.05E-12,,,,,,
1,00:00:28,28242,59.75,1.02E-12,,,,,,
1,00:00:28,28242,59.8,1.16E-12,,,,,,
1,00:00:28,28242,59.85,7.26E-13,,,,,,
1,00:00:28,28242,59.9,9.94E-13,,,,,,
1,00:00:28,28242,59.95,8.87E-13,,,,,,
1,00:00:28,28242,60,8.87E-13,,,,,,
1,00:00:28,28242,60.05,1.02E-12,,,,,,
1,00:00:28,28242,60.1,1.13E-12,,,,,,
1,00:00:28,28242,60.15,6.45E-13,,,,,,
1,00:00:28,28242,60.2,1.08E-12,,,,,,
1,00:00:28,28242,60.25,1.16E-12,,,,,,
1,00:00:28,28242,60.3,9.14E-13,,,,,,
1,00:00:28,28242,60.35,1.05E-12,,,,,,
1,00:00:28,28242,60.4,7.79E-13,,,,,,
1,00:00:28,28242,60.45,7.79E-13,,,,,,
1,00:00:28,28242,60.5,1.05E-12,,,,,,
1,00:00:28,28242,60.55,9.68E-13,,,,,,
1,00:00:28,28242,60.6,7.26E-13,,,,,,
1,00:00:28,28242,60.65,7.79E-13,,,,,,
1,00:00:28,28242,60.7,7.79E-13,,,,,,
1,00:00:28,28242,60.75,6.18E-13,,,,,,
1,00:00:28,28242,60.8,5.64E-13,,,,,,
1,00:00:28,28242,60.85,8.60E-13,,,,,,
1,00:00:28,28242,60.9,9.41E-13,,,,,,
1,00:00:28,28242,60.95,9.14E-13,,,,,,
1,00:00:28,28242,61,1.10E-12,,,,,,
1,00:00:28,28242,61.05,8.60E-13,,,,,,
1,00:00:28,28242,61.1,9.94E-13,,,,,,
1,00:00:28,28242,61.15,9.68E-13,,,,,,
1,00:00:28,28242,61.2,9.68E-13,,,,,,
1,00:00:28,28242,61.25,9.41E-13,,,,,,
1,00:00:28,28242,61.3,8.87E-13,,,,,,
1,00:00:28,28242,61.35,8.06E-13,,,,,,
1,00:00:28,28242,61.4,1.10E-12,,,,,,
1,00:00:28,28242,61.45,7.53E-13,,,,,,
1,00:00:28,28242,61.5,1.48E-12,,,,,,
1,00:00:28,28242,61.55,6.72E-13,,,,,,
1,00:00:28,28242,61.6,9.41E-13,,,,,,
1,00:00:28,28242,61.65,6.99E-13,,,,,,
1,00:00:28,28242,61.7,8.87E-13,,,,,,
1,00:00:28,28242,61.75,1.02E-12,,,,,,
1,00:00:28,28242,61.8,1.05E-12,,,,,,
1,00:00:28,28242,61.85,9.68E-13,,,,,,
1,00:00:28,28242,61.9,9.68E-13,,,,,,
1,00:00:28,28242,61.95,9.14E-13,,,,,,
1,00:00:28,28242,62,8.60E-13,,,,,,
1,00:00:28,28242,62.05,8.06E-13,,,,,,
1,00:00:28,28242,62.1,1.10E-12,,,,,,
1,00:00:28,28242,62.15,8.87E-13,,,,,,
1,00:00:28,28242,62.2,9.68E-13,,,,,,
1,00:00:28,28242,62.25,9.68E-13,,,,,,
1,00:00:28,28242,62.3,7.53E-13,,,,,,
1,00:00:28,28242,62.35,9.68E-13,,,,,,
1,00:00:28,28242,62.4,8.60E-13,,,,,,
1,00:00:28,28242,62.45,6.72E-13,,,,,,
1,00:00:28,28242,62.5,1.26E-12,,,,,,
1,00:00:28,28242,62.55,8.33E-13,,,,,,
1,00:00:28,28242,62.6,1.18E-12,,,,,,
1,00:00:28,28242,62.65,9.94E-13,,,,,,
1,00:00:28,28242,62.7,7.26E-13,,,,,,
1,00:00:28,28242,62.75,1.32E-12,,,,,,
1,00:00:28,28242,62.8,9.68E-13,,,,,,
1,00:00:28,28242,62.85,9.68E-13,,,,,,
1,00:00:28,28242,62.9,6.99E-13,,,,,,
1,00:00:28,28242,62.95,1.08E-12,,,,,,
1,00:00:28,28242,63,9.14E-13,,,,,,
1,00:00:28,28242,63.05,9.14E-13,,,,,,
1,00:00:28,28242,63.1,9.14E-13,,,,,,
1,00:00:28,28242,63.15,9.68E-13,,,,,,
1,00:00:28,28242,63.2,1.10E-12,,,,,,
1,00:00:28,28242,63.25,8.60E-13,,,,,,
1,00:00:28,28242,63.3,1.05E-12,,,,,,
1,00:00:28,28242,63.35,9.94E-13,,,,,,
1,00:00:28,28242,63.4,1.13E-12,,,,,,
1,00:00:28,28242,63.45,1.02E-12,,,,,,
1,00:00:28,28242,63.5,7.79E-13,,,,,,
1,00:00:28,28242,63.55,8.33E-13,,,,,,
1,00:00:28,28242,63.6,5.38E-13,,,,,,
1,00:00:28,28242,63.65,9.94E-13,,,,,,
1,00:00:28,28242,63.7,1.13E-12,,,,,,
1,00:00:28,28242,63.75,8.06E-13,,,,,,
1,00:00:28,28242,63.8,7.26E-13,,,,,,
1,00:00:28,28242,63.85,1.02E-12,,,,,,
1,00:00:28,28242,63.9,6.18E-13,,,,,,
1,00:00:28,28242,63.95,7.79E-13,,,,,,
1,00:00:28,28242,64,1.21E-12,,,,,,
1,00:00:28,28242,64.05,1.08E-12,,,,,,
1,00:00:28,28242,64.1,9.68E-13,,,,,,
1,00:00:28,28242,64.15,1.10E-12,,,,,,
1,00:00:28,28242,64.2,8.60E-13,,,,,,
1,00:00:28,28242,64.25,7.53E-13,,,,,,
1,00:00:28,28242,64.3,1.16E-12,,,,,,
1,00:00:28,28242,64.35,9.68E-13,,,,,,
1,00:00:28,28242,64.4,8.87E-13,,,,,,
1,00:00:28,28242,64.45,7.53E-13,,,,,,
1,00:00:28,28242,64.5,1.18E-12,,,,,,
1,00:00:28,28242,64.55,6.72E-13,,,,,,
1,00:00:28,28242,64.6,7.79E-13,,,,,,
1,00:00:28,28242,64.65,8.06E-13,,,,,,
1,00:00:28,28242,64.7,9.94E-13,,,,,,
1,00:00:28,28242,64.75,8.87E-13,,,,,,
1,00:00:28,28242,64.8,1.08E-12,,,,,,
1,00:00:28,28242,64.85,1.08E-12,,,,,,
1,00:00:28,28242,64.9,4.84E-13,,,,,,
1,00:00:28,28242,64.95,7.79E-13,,,,,,
1,00:00:28,28242,65,6.45E-13,,,,,,
1,00:00:28,28242,65.05,1.13E-12,,,,,,
1,00:00:28,28242,65.1,1.05E-12,,,,,,
1,00:00:28,28242,65.15,9.41E-13,,,,,,
1,00:00:28,28242,65.2,8.60E-13,,,,,,
1,00:00:28,28242,65.25,9.41E-13,,,,,,
1,00:00:28,28242,65.3,6.18E-13,,,,,,
1,00:00:28,28242,65.35,1.02E-12,,,,,,
1,00:00:28,28242,65.4,1.16E-12,,,,,,
1,00:00:28,28242,65.45,8.87E-13,,,,,,
1,00:00:28,28242,65.5,8.87E-13,,,,,,
1,00:00:28,28242,65.55,7.79E-13,,,,,,
1,00:00:28,28242,65.6,7.26E-13,,,,,,
1,00:00:28,28242,65.65,8.60E-13,,,,,,
1,00:00:28,28242,65.7,8.87E-13,,,,,,
1,00:00:28,28242,65.75,8.87E-13,,,,,,
1,00:00:28,28242,65.8,9.41E-13,,,,,,
1,00:00:28,28242,65.85,8.87E-13,,,,,,
1,00:00:28,28242,65.9,9.14E-13,,,,,,
1,00:00:28,28242,65.95,7.79E-13,,,,,,
1,00:00:28,28242,66,9.94E-13,,,,,,
1,00:00:28,28242,66.05,8.60E-13,,,,,,
1,00:00:28,28242,66.1,1.16E-12,,,,,,
1,00:00:28,28242,66.15,7.79E-13,,,,,,
1,00:00:28,28242,66.2,9.94E-13,,,,,,
1,00:00:28,28242,66.25,9.14E-13,,,,,,
1,00:00:28,28242,66.3,1.37E-12,,,,,,
1,00:00:28,28242,66.35,9.68E-13,,,,,,
1,00:00:28,28242,66.4,1.10E-12,,,,,,
1,00:00:28,28242,66.45,6.99E-13,,,,,,
1,00:00:28,28242,66.5,1.21E-12,,,,,,
1,00:00:28,28242,66.55,1.34E-12,,,,,,
1,00:00:28,28242,66.6,6.72E-13,,,,,,
1,00:00:28,28242,66.65,1.13E-12,,,,,,
1,00:00:28,28242,66.7,1.05E-12,,,,,,
1,00:00:28,28242,66.75,9.41E-13,,,,,,
1,00:00:28,28242,66.8,9.41E-13,,,,,,
1,00:00:28,28242,66.85,1.10E-12,,,,,,
1,00:00:28,28242,66.9,1.05E-12,,,,,,
1,00:00:28,28242,66.95,1.08E-12,,,,,,
1,00:00:28,28242,67,8.87E-13,,,,,,
1,00:00:28,28242,67.05,7.53E-13,,,,,,
1,00:00:28,28242,67.1,1.24E-12,,,,,,
1,00:00:28,28242,67.15,1.05E-12,,,,,,
1,00:00:28,28242,67.2,1.13E-12,,,,,,
1,00:00:28,28242,67.25,1.18E-12,,,,,,
1,00:00:28,28242,67.3,8.60E-13,,,,,,
1,00:00:28,28242,67.35,8.60E-13,,,,,,
1,00:00:28,28242,67.4,1.18E-12,,,,,,
1,00:00:28,28242,67.45,8.06E-13,,,,,,
1,00:00:28,28242,67.5,9.94E-13,,,,,,
1,00:00:28,28242,67.55,5.91E-13,,,,,,
1,00:00:28,28242,67.6,1.32E-12,,,,,,
1,00:00:28,28242,67.65,1.05E-12,,,,,,
1,00:00:28,28242,67.7,9.94E-13,,,,,,
1,00:00:28,28242,67.75,8.06E-13,,,,,,
1,00:00:28,28242,67.8,1.26E-12,,,,,,
1,00:00:28,28242,67.85,1.05E-12,,,,,,
1,00:00:28,28242,67.9,9.14E-13,,,,,,
1,00:00:28,28242,67.95,1.16E-12,,,,,,
1,00:00:28,28242,68,1.16E-12,,,,,,
1,00:00:28,28242,68.05,1.02E-12,,,,,,
1,00:00:28,28242,68.1,1.16E-12,,,,,,
1,00:00:28,28242,68.15,8.87E-13,,,,,,
1,00:00:28,28242,68.2,8.87E-13,,,,,,
1,00:00:28,28242,68.25,6.18E-13,,,,,,
1,00:00:28,28242,68.3,1.32E-12,,,,,,
1,00:00:28,28242,68.35,1.16E-12,,,,,,
1,00:00:28,28242,68.4,6.99E-13,,,,,,
1,00:00:28,28242,68.45,9.41E-13,,,,,,
1,00:00:28,28242,68.5,6.72E-13,,,,,,
1,00:00:28,28242,68.55,9.94E-13,,,,,,
1,00:00:28,28242,68.6,7.53E-13,,,,,,
1,00:00:28,28242,68.65,1.32E-12,,,,,,
1,00:00:28,28242,68.7,9.14E-13,,,,,,
1,00:00:28,28242,68.75,8.06E-13,,,,,,
1,00:00:28,28242,68.8,8.33E-13,,,,,,
1,00:00:28,28242,68.85,1.18E-12,,,,,,
1,00:00:28,28242,68.9,9.41E-13,,,,,,
1,00:00:28,28242,68.95,8.06E-13,,,,,,
1,00:00:28,28242,69,1.13E-12,,,,,,
1,00:00:28,28242,69.05,9.68E-13,,,,,,
1,00:00:28,28242,69.1,1.24E-12,,,,,,
1,00:00:28,28242,69.15,1.08E-12,,,,,,
1,00:00:28,28242,69.2,1.13E-12,,,,,,
1,00:00:28,28242,69.25,8.33E-13,,,,,,
1,00:00:28,28242,69.3,9.68E-13,,,,,,
1,00:00:28,28242,69.35,9.68E-13,,,,,,
1,00:00:28,28242,69.4,9.68E-13,,,,,,
1,00:00:28,28242,69.45,8.87E-13,,,,,,
1,00:00:28,28242,69.5,7.26E-13,,,,,,
1,00:00:28,28242,69.55,1.18E-12,,,,,,
1,00:00:28,28242,69.6,9.14E-13,,,,,,
1,00:00:28,28242,69.65,9.41E-13,,,,,,
1,00:00:28,28242,69.7,9.68E-13,,,,,,
1,00:00:28,28242,69.75,6.45E-13,,,,,,
1,00:00:28,28242,69.8,9.41E-13,,,,,,
1,00:00:28,28242,69.85,1.05E-12,,,,,,
1,00:00:28,28242,69.9,1.05E-12,,,,,,
1,00:00:28,28242,69.95,1.34E-12,,,,,,
1,00:00:28,28242,70,9.14E-13,,,,,,
1,00:00:28,28242,70.05,9.94E-13,,,,,,
1,00:00:28,28242,70.1,1.18E-12,,,,,,
1,00:00:28,28242,70.15,1.10E-12,,,,,,
1,00:00:28,28242,70.2,8.60E-13,,,,,,
1,00:00:28,28242,70.25,1.05E-12,,,,,,
1,00:00:28,28242,70.3,9.41E-13,,,,,,
1,00:00:28,28242,70.35,7.79E-13,,,,,,
1,00:00:28,28242,70.4,1.18E-12,,,,,,
1,00:00:28,28242,70.45,8.06E-13,,,,,,
1,00:00:28,28242,70.5,1.10E-12,,,,,,
1,00:00:28,28242,70.55,1.05E-12,,,,,,
1,00:00:28,28242,70.6,1.16E-12,,,,,,
1,00:00:28,28242,70.65,7.79E-13,,,,,,
1,00:00:28,28242,70.7,1.37E-12,,,,,,
1,00:00:28,28242,70.75,7.26E-13,,,,,,
1,00:00:28,28242,70.8,8.60E-13,,,,,,
1,00:00:28,28242,70.85,1.10E-12,,,,,,
1,00:00:28,28242,70.9,1.05E-12,,,,,,
1,00:00:28,28242,70.95,8.33E-13,,,,,,
1,00:00:28,28242,71,8.06E-13,,,,,,
1,00:00:28,28242,71.05,1.26E-12,,,,,,
1,00:00:28,28242,71.1,1.02E-12,,,,,,
1,00:00:28,28242,71.15,7.79E-13,,,,,,
1,00:00:28,28242,71.2,7.26E-13,,,,,,
1,00:00:28,28242,71.25,8.87E-13,,,,,,
1,00:00:28,28242,71.3,1.05E-12,,,,,,
1,00:00:28,28242,71.35,9.14E-13,,,,,,
1,00:00:28,28242,71.4,6.72E-13,,,,,,
1,00:00:28,28242,71.45,1.13E-12,,,,,,
1,00:00:28,28242,71.5,1.05E-12,,,,,,
1,00:00:28,28242,71.55,1.18E-12,,,,,,
1,00:00:28,28242,71.6,1.08E-12,,,,,,
1,00:00:28,28242,71.65,8.06E-13,,,,,,
1,00:00:28,28242,71.7,8.87E-13,,,,,,
1,00:00:28,28242,71.75,1.10E-12,,,,,,
1,00:00:28,28242,71.8,1.29E-12,,,,,,
1,00:00:28,28242,71.85,8.33E-13,,,,,,
1,00:00:28,28242,71.9,9.94E-13,,,,,,
1,00:00:28,28242,71.95,9.14E-13,,,,,,
1,00:00:28,28242,72,7.79E-13,,,,,,
1,00:00:28,28242,72.05,8.87E-13,,,,,,
1,00:00:28,28242,72.1,5.11E-13,,,,,,
1,00:00:28,28242,72.15,8.60E-13,,,,,,
1,00:00:28,28242,72.2,9.68E-13,,,,,,
1,00:00:28,28242,72.25,9.68E-13,,,,,,
1,00:00:28,28242,72.3,1.05E-12,,,,,,
1,00:00:28,28242,72.35,8.06E-13,,,,,,
1,00:00:28,28242,72.4,5.91E-13,,,,,,
1,00:00:28,28242,72.45,8.60E-13,,,,,,
1,00:00:28,28242,72.5,9.94E-13,,,,,,
1,00:00:28,28242,72.55,8.87E-13,,,,,,
1,00:00:28,28242,72.6,7.79E-13,,,,,,
1,00:00:28,28242,72.65,9.68E-13,,,,,,
1,00:00:28,28242,72.7,8.06E-13,,,,,,
1,00:00:28,28242,72.75,7.26E-13,,,,,,
1,00:00:28,28242,72.8,1.10E-12,,,,,,
1,00:00:28,28242,72.85,5.91E-13,,,,,,
1,00:00:28,28242,72.9,5.64E-13,,,,,,
1,00:00:28,28242,72.95,7.53E-13,,,,,,
1,00:00:28,28242,73,1.05E-12,,,,,,
1,00:00:28,28242,73.05,1.18E-12,,,,,,
1,00:00:28,28242,73.1,1.08E-12,,,,,,
1,00:00:28,28242,73.15,1.10E-12,,,,,,
1,00:00:28,28242,73.2,7.26E-13,,,,,,
1,00:00:28,28242,73.25,9.41E-13,,,,,,
1,00:00:28,28242,73.3,6.45E-13,,,,,,
1,00:00:28,28242,73.35,8.60E-13,,,,,,
1,00:00:28,28242,73.4,9.14E-13,,,,,,
1,00:00:28,28242,73.45,7.53E-13,,,,,,
1,00:00:28,28242,73.5,1.08E-12,,,,,,
1,00:00:28,28242,73.55,1.08E-12,,,,,,
1,00:00:28,28242,73.6,8.87E-13,,,,,,
1,00:00:28,28242,73.65,1.08E-12,,,,,,
1,00:00:28,28242,73.7,1.08E-12,,,,,,
1,00:00:28,28242,73.75,6.45E-13,,,,,,
1,00:00:28,28242,73.8,1.40E-12,,,,,,
1,00:00:28,28242,73.85,7.79E-13,,,,,,
1,00:00:28,28242,73.9,5.11E-13,,,,,,
1,00:00:28,28242,73.95,9.41E-13,,,,,,
1,00:00:28,28242,74,8.33E-13,,,,,,
1,00:00:28,28242,74.05,8.06E-13,,,,,,
1,00:00:28,28242,74.1,8.33E-13,,,,,,
1,00:00:28,28242,74.15,9.94E-13,,,,,,
1,00:00:28,28242,74.2,9.41E-13,,,,,,
1,00:00:28,28242,74.25,9.94E-13,,,,,,
1,00:00:28,28242,74.3,8.06E-13,,,,,,
1,00:00:28,28242,74.35,8.06E-13,,,,,,
1,00:00:28,28242,74.4,1.13E-12,,,,,,
1,00:00:28,28242,74.45,1.05E-12,,,,,,
1,00:00:28,28242,74.5,9.94E-13,,,,,,
1,00:00:28,28242,74.55,9.41E-13,,,,,,
1,00:00:28,28242,74.6,1.10E-12,,,,,,
1,00:00:28,28242,74.65,8.33E-13,,,,,,
1,00:00:28,28242,74.7,9.94E-13,,,,,,
1,00:00:28,28242,74.75,1.24E-12,,,,,,
1,00:00:28,28242,74.8,9.14E-13,,,,,,
1,00:00:28,28242,74.85,1.05E-12,,,,,,
1,00:00:28,28242,74.9,9.94E-13,,,,,,
1,00:00:28,28242,74.95,6.72E-13,,,,,,
1,00:00:28,28242,75,1.08E-12,,,,,,
1,00:00:28,28242,75.05,8.06E-13,,,,,,
1,00:00:28,28242,75.1,6.99E-13,,,,,,
1,00:00:28,28242,75.15,8.87E-13,,,,,,
1,00:00:28,28242,75.2,9.14E-13,,,,,,
1,00:00:28,28242,75.25,9.94E-13,,,,,,
1,00:00:28,28242,75.3,6.18E-13,,,,,,
1,00:00:28,28242,75.35,1.16E-12,,,,,,
1,00:00:28,28242,75.4,8.60E-13,,,,,,
1,00:00:28,28242,75.45,7.79E-13,,,,,,
1,00:00:28,28242,75.5,8.06E-13,,,,,,
1,00:00:28,28242,75.55,1.24E-12,,,,,,
1,00:00:28,28242,75.6,9.14E-13,,,,,,
1,00:00:28,28242,75.65,9.68E-13,,,,,,
1,00:00:28,28242,75.7,9.41E-13,,,,,,
1,00:00:28,28242,75.75,1.10E-12,,,,,,
1,00:00:28,28242,75.8,8.87E-13,,,,,,
1,00:00:28,28242,75.85,8.87E-13,,,,,,
1,00:00:28,28242,75.9,1.08E-12,,,,,,
1,00:00:28,28242,75.95,8.60E-13,,,,,,
1,00:00:28,28242,76,8.60E-13,,,,,,
1,00:00:28,28242,76.05,7.79E-13,,,,,,
1,00:00:28,28242,76.1,9.94E-13,,,,,,
1,00:00:28,28242,76.15,5.64E-13,,,,,,
1,00:00:28,28242,76.2,1.21E-12,,,,,,
1,00:00:28,28242,76.25,5.11E-13,,,,,,
1,00:00:28,28242,76.3,8.06E-13,,,,,,
1,00:00:28,28242,76.35,8.60E-13,,,,,,
1,00:00:28,28242,76.4,1.08E-12,,,,,,
1,00:00:28,28242,76.45,7.26E-13,,,,,,
1,00:00:28,28242,76.5,6.99E-13,,,,,,
1,00:00:28,28242,76.55,7.79E-13,,,,,,
1,00:00:28,28242,76.6,6.45E-13,,,,,,
1,00:00:28,28242,76.65,1.10E-12,,,,,,
1,00:00:28,28242,76.7,8.33E-13,,,,,,
1,00:00:28,28242,76.75,1.26E-12,,,,,,
1,00:00:28,28242,76.8,9.14E-13,,,,,,
1,00:00:28,28242,76.85,6.99E-13,,,,,,
1,00:00:28,28242,76.9,1.16E-12,,,,,,
1,00:00:28,28242,76.95,9.14E-13,,,,,,
1,00:00:28,28242,77,8.33E-13,,,,,,
1,00:00:28,28242,77.05,1.24E-12,,,,,,
1,00:00:28,28242,77.1,1.16E-12,,,,,,
1,00:00:28,28242,77.15,1.05E-12,,,,,,
1,00:00:28,28242,77.2,1.16E-12,,,,,,
1,00:00:28,28242,77.25,6.99E-13,,,,,,
1,00:00:28,28242,77.3,8.06E-13,,,,,,
1,00:00:28,28242,77.35,7.79E-13,,,,,,
1,00:00:28,28242,77.4,1.10E-12,,,,,,
1,00:00:28,28242,77.45,6.45E-13,,,,,,
1,00:00:28,28242,77.5,8.06E-13,,,,,,
1,00:00:28,28242,77.55,7.79E-13,,,,,,
1,00:00:28,28242,77.6,8.87E-13,,,,,,
1,00:00:28,28242,77.65,1.18E-12,,,,,,
1,00:00:28,28242,77.7,6.72E-13,,,,,,
1,00:00:28,28242,77.75,1.08E-12,,,,,,
1,00:00:28,28242,77.8,8.33E-13,,,,,,
1,00:00:28,28242,77.85,7.53E-13,,,,,,
1,00:00:28,28242,77.9,9.94E-13,,,,,,
1,00:00:28,28242,77.95,8.60E-13,,,,,,
1,00:00:28,28242,78,9.14E-13,,,,,,
1,00:00:28,28242,78.05,9.14E-13,,,,,,
1,00:00:28,28242,78.1,1.13E-12,,,,,,
1,00:00:28,28242,78.15,1.08E-12,,,,,,
1,00:00:28,28242,78.2,1.05E-12,,,,,,
1,00:00:28,28242,78.25,9.41E-13,,,,,,
1,00:00:28,28242,78.3,8.33E-13,,,,,,
1,00:00:28,28242,78.35,7.79E-13,,,,,,
1,00:00:28,28242,78.4,9.14E-13,,,,,,
1,00:00:28,28242,78.45,1.21E-12,,,,,,
1,00:00:28,28242,78.5,7.79E-13,,,,,,
1,00:00:28,28242,78.55,1.24E-12,,,,,,
1,00:00:28,28242,78.6,9.94E-13,,,,,,
1,00:00:28,28242,78.65,9.94E-13,,,,,,
1,00:00:28,28242,78.7,1.05E-12,,,,,,
1,00:00:28,28242,78.75,8.33E-13,,,,,,
1,00:00:28,28242,78.8,9.94E-13,,,,,,
1,00:00:28,28242,78.85,1.02E-12,,,,,,
1,00:00:28,28242,78.9,5.91E-13,,,,,,
1,00:00:28,28242,78.95,8.60E-13,,,,,,
1,00:00:28,28242,79,5.64E-13,,,,,,
1,00:00:28,28242,79.05,7.26E-13,,,,,,
1,00:00:28,28242,79.1,1.02E-12,,,,,,
1,00:00:28,28242,79.15,1.18E-12,,,,,,
1,00:00:28,28242,79.2,8.87E-13,,,,,,
1,00:00:28,28242,79.25,9.68E-13,,,,,,
1,00:00:28,28242,79.3,1.08E-12,,,,,,
1,00:00:28,28242,79.35,9.14E-13,,,,,,
1,00:00:28,28242,79.4,7.53E-13,,,,,,
1,00:00:28,28242,79.45,1.24E-12,,,,,,
1,00:00:28,28242,79.5,7.26E-13,,,,,,
1,00:00:28,28242,79.55,7.26E-13,,,,,,
1,00:00:28,28242,79.6,1.26E-12,,,,,,
1,00:00:28,28242,79.65,8.06E-13,,,,,,
1,00:00:28,28242,79.7,6.99E-13,,,,,,
1,00:00:28,28242,79.75,7.53E-13,,,,,,
1,00:00:28,28242,79.8,1.08E-12,,,,,,
1,00:00:28,28242,79.85,7.79E-13,,,,,,
1,00:00:28,28242,79.9,9.14E-13,,,,,,
1,00:00:28,28242,79.95,1.16E-12,,,,,,
1,00:00:28,28242,80,8.06E-13,,,,,,
1,00:00:28,28242,80.05,7.26E-13,,,,,,
1,00:00:28,28242,80.1,1.02E-12,,,,,,
1,00:00:28,28242,80.15,1.18E-12,,,,,,
1,00:00:28,28242,80.2,4.84E-13,,,,,,
1,00:00:28,28242,80.25,9.14E-13,,,,,,
1,00:00:28,28242,80.3,7.26E-13,,,,,,
1,00:00:28,28242,80.35,9.41E-13,,,,,,
1,00:00:28,28242,80.4,1.16E-12,,,,,,
1,00:00:28,28242,80.45,9.68E-13,,,,,,
1,00:00:28,28242,80.5,8.06E-13,,,,,,
1,00:00:28,28242,80.55,8.87E-13,,,,,,
1,00:00:28,28242,80.6,6.99E-13,,,,,,
1,00:00:28,28242,80.65,8.06E-13,,,,,,
1,00:00:28,28242,80.7,1.16E-12,,,,,,
1,00:00:28,28242,80.75,8.06E-13,,,,,,
1,00:00:28,28242,80.8,1.02E-12,,,,,,
1,00:00:28,28242,80.85,9.41E-13,,,,,,
1,00:00:28,28242,80.9,1.16E-12,,,,,,
1,00:00:28,28242,80.95,9.41E-13,,,,,,
1,00:00:28,28242,81,9.94E-13,,,,,,
1,00:00:28,28242,81.05,8.33E-13,,,,,,
1,00:00:28,28242,81.1,1.08E-12,,,,,,
1,00:00:28,28242,81.15,5.91E-13,,,,,,
1,00:00:28,28242,81.2,9.68E-13,,,,,,
1,00:00:28,28242,81.25,9.68E-13,,,,,,
1,00:00:28,28242,81.3,8.87E-13,,,,,,
1,00:00:28,28242,81.35,1.13E-12,,,,,,
1,00:00:28,28242,81.4,9.68E-13,,,,,,
1,00:00:28,28242,81.45,1.08E-12,,,,,,
1,00:00:28,28242,81.5,9.41E-13,,,,,,
1,00:00:28,28242,81.55,8.33E-13,,,,,,
1,00:00:28,28242,81.6,9.68E-13,,,,,,
1,00:00:28,28242,81.65,5.91E-13,,,,,,
1,00:00:28,28242,81.7,6.72E-13,,,,,,
1,00:00:28,28242,81.75,5.64E-13,,,,,,
1,00:00:28,28242,81.8,1.26E-12,,,,,,
1,00:00:28,28242,81.85,8.33E-13,,,,,,
1,00:00:28,28242,81.9,7.53E-13,,,,,,
1,00:00:28,28242,81.95,7.26E-13,,,,,,
1,00:00:28,28242,82,8.33E-13,,,,,,
1,00:00:28,28242,82.05,1.08E-12,,,,,,
1,00:00:28,28242,82.1,9.14E-13,,,,,,
1,00:00:28,28242,82.15,8.06E-13,,,,,,
1,00:00:28,28242,82.2,9.14E-13,,,,,,
1,00:00:28,28242,82.25,8.06E-13,,,,,,
1,00:00:28,28242,82.3,7.79E-13,,,,,,
1,00:00:28,28242,82.35,9.68E-13,,,,,,
1,00:00:28,28242,82.4,1.18E-12,,,,,,
1,00:00:28,28242,82.45,8.60E-13,,,,,,
1,00:00:28,28242,82.5,1.21E-12,,,,,,
1,00:00:28,28242,82.55,1.05E-12,,,,,,
1,00:00:28,28242,82.6,9.68E-13,,,,,,
1,00:00:28,28242,82.65,1.02E-12,,,,,,
1,00:00:28,28242,82.7,5.91E-13,,,,,,
1,00:00:28,28242,82.75,6.45E-13,,,,,,
1,00:00:28,28242,82.8,7.26E-13,,,,,,
1,00:00:28,28242,82.85,6.18E-13,,,,,,
1,00:00:28,28242,82.9,5.38E-13,,,,,,
1,00:00:28,28242,82.95,5.11E-13,,,,,,
1,00:00:28,28242,83,5.64E-13,,,,,,
1,00:00:28,28242,83.05,4.57E-13,,,,,,
1,00:00:28,28242,83.1,2.69E-14,,,,,,
1,00:00:28,28242,83.15,5.64E-13,,,,,,
1,00:00:28,28242,83.2,4.03E-13,,,,,,
1,00:00:28,28242,83.25,6.18E-13,,,,,,
1,00:00:28,28242,83.3,5.38E-13,,,,,,
1,00:00:28,28242,83.35,5.91E-13,,,,,,
1,00:00:28,28242,83.4,9.14E-13,,,,,,
1,00:00:28,28242,83.45,6.18E-13,,,,,,
1,00:00:28,28242,83.5,7.26E-13,,,,,,
1,00:00:28,28242,83.55,6.72E-13,,,,,,
1,00:00:28,28242,83.6,4.30E-13,,,,,,
1,00:00:28,28242,83.65,7.53E-13,,,,,,
1,00:00:28,28242,83.7,8.33E-13,,,,,,
1,00:00:28,28242,83.75,6.99E-13,,,,,,
1,00:00:28,28242,83.8,7.53E-13,,,,,,
1,00:00:28,28242,83.85,4.57E-13,,,,,,
1,00:00:28,28242,83.9,6.45E-13,,,,,,
1,00:00:28,28242,83.95,6.72E-13,,,,,,
1,00:00:28,28242,84,4.30E-13,,,,,,
1,00:00:28,28242,84.05,2.69E-13,,,,,,
1,00:00:28,28242,84.1,6.18E-13,,,,,,
1,00:00:28,28242,84.15,4.84E-13,,,,,,
1,00:00:28,28242,84.2,5.64E-13,,,,,,
1,00:00:28,28242,84.25,3.23E-13,,,,,,
1,00:00:28,28242,84.3,5.38E-13,,,,,,
1,00:00:28,28242,84.35,4.30E-13,,,,,,
1,00:00:28,28242,84.4,4.57E-13,,,,,,
1,00:00:28,28242,84.45,6.99E-13,,,,,,
1,00:00:28,28242,84.5,3.76E-13,,,,,,
1,00:00:28,28242,84.55,6.45E-13,,,,,,
1,00:00:28,28242,84.6,4.57E-13,,,,,,
1,00:00:28,28242,84.65,5.91E-13,,,,,,
1,00:00:28,28242,84.7,8.06E-13,,,,,,
1,00:00:28,28242,84.75,7.26E-13,,,,,,
1,00:00:28,28242,84.8,4.84E-13,,,,,,
1,00:00:28,28242,84.85,8.33E-13,,,,,,
1,00:00:28,28242,84.9,6.18E-13,,,,,,
1,00:00:28,28242,84.95,8.06E-13,,,,,,
1,00:00:28,28242,85,5.38E-13,,,,,,
1,00:00:28,28242,85.05,6.18E-13,,,,,,
1,00:00:28,28242,85.1,1.08E-13,,,,,,
1,00:00:28,28242,85.15,9.68E-13,,,,,,
1,00:00:28,28242,85.2,6.45E-13,,,,,,
1,00:00:28,28242,85.25,6.45E-13,,,,,,
1,00:00:28,28242,85.3,6.99E-13,,,,,,
1,00:00:28,28242,85.35,7.26E-13,,,,,,
1,00:00:28,28242,85.4,6.18E-13,,,,,,
1,00:00:28,28242,85.45,6.72E-13,,,,,,
1,00:00:28,28242,85.5,5.11E-13,,,,,,
1,00:00:28,28242,85.55,8.60E-13,,,,,,
1,00:00:28,28242,85.6,2.69E-13,,,,,,
1,00:00:28,28242,85.65,3.49E-13,,,,,,
1,00:00:28,28242,85.7,4.30E-13,,,,,,
1,00:00:28,28242,85.75,5.11E-13,,,,,,
1,00:00:28,28242,85.8,4.57E-13,,,,,,
1,00:00:28,28242,85.85,5.11E-13,,,,,,
1,00:00:28,28242,85.9,2.96E-13,,,,,,
1,00:00:28,28242,85.95,4.03E-13,,,,,,
1,00:00:28,28242,86,6.99E-13,,,,,,
1,00:00:28,28242,86.05,5.11E-13,,,,,,
1,00:00:28,28242,86.1,4.84E-13,,,,,,
1,00:00:28,28242,86.15,4.84E-13,,,,,,
1,00:00:28,28242,86.2,7.53E-13,,,,,,
1,00:00:28,28242,86.25,5.38E-13,,,,,,
1,00:00:28,28242,86.3,5.91E-13,,,,,,
1,00:00:28,28242,86.35,3.49E-13,,,,,,
1,00:00:28,28242,86.4,6.99E-13,,,,,,
1,00:00:28,28242,86.45,4.57E-13,,,,,,
1,00:00:28,28242,86.5,5.11E-13,,,,,,
1,00:00:28,28242,86.55,3.49E-13,,,,,,
1,00:00:28,28242,86.6,5.38E-13,,,,,,
1,00:00:28,28242,86.65,5.91E-13,,,,,,
1,00:00:28,28242,86.7,6.72E-13,,,,,,
1,00:00:28,28242,86.75,6.99E-13,,,,,,
1,00:00:28,28242,86.8,7.53E-13,,,,,,
1,00:00:28,28242,86.85,4.84E-13,,,,,,
1,00:00:28,28242,86.9,8.06E-13,,,,,,
1,00:00:28,28242,86.95,4.03E-13,,,,,,
1,00:00:28,28242,87,6.45E-13,,,,,,
1,00:00:28,28242,87.05,4.30E-13,,,,,,
1,00:00:28,28242,87.1,6.99E-13,,,,,,
1,00:00:28,28242,87.15,8.60E-13,,,,,,
1,00:00:28,28242,87.2,7.26E-13,,,,,,
1,00:00:28,28242,87.25,6.45E-13,,,,,,
1,00:00:28,28242,87.3,7.79E-13,,,,,,
1,00:00:28,28242,87.35,4.03E-13,,,,,,
1,00:00:28,28242,87.4,5.64E-13,,,,,,
1,00:00:28,28242,87.45,1.61E-13,,,,,,
1,00:00:28,28242,87.5,5.91E-13,,,,,,
1,00:00:28,28242,87.55,5.91E-13,,,,,,
1,00:00:28,28242,87.6,6.45E-13,,,,,,
1,00:00:28,28242,87.65,6.99E-13,,,,,,
1,00:00:28,28242,87.7,5.64E-13,,,,,,
1,00:00:28,28242,87.75,4.30E-13,,,,,,
1,00:00:28,28242,87.8,3.49E-13,,,,,,
1,00:00:28,28242,87.85,6.18E-13,,,,,,
1,00:00:28,28242,87.9,4.03E-13,,,,,,
1,00:00:28,28242,87.95,5.91E-13,,,,,,
1,00:00:28,28242,88,7.53E-13,,,,,,
1,00:00:28,28242,88.05,5.38E-13,,,,,,
1,00:00:28,28242,88.1,1.34E-13,,,,,,
1,00:00:28,28242,88.15,5.11E-13,,,,,,
1,00:00:28,28242,88.2,6.72E-13,,,,,,
1,00:00:28,28242,88.25,5.38E-13,,,,,,
1,00:00:28,28242,88.3,6.45E-13,,,,,,
1,00:00:28,28242,88.35,4.03E-13,,,,,,
1,00:00:28,28242,88.4,5.11E-13,,,,,,
1,00:00:28,28242,88.45,7.26E-13,,,,,,
1,00:00:28,28242,88.5,5.91E-13,,,,,,
1,00:00:28,28242,88.55,4.30E-13,,,,,,
1,00:00:28,28242,88.6,2.96E-13,,,,,,
1,00:00:28,28242,88.65,6.45E-13,,,,,,
1,00:00:28,28242,88.7,7.53E-13,,,,,,
1,00:00:28,28242,88.75,5.91E-13,,,,,,
1,00:00:28,28242,88.8,5.64E-13,,,,,,
1,00:00:28,28242,88.85,5.11E-13,,,,,,
1,00:00:28,28242,88.9,4.57E-13,,,,,,
1,00:00:28,28242,88.95,6.45E-13,,,,,,
1,00:00:28,28242,89,6.18E-13,,,,,,
1,00:00:28,28242,89.05,2.69E-13,,,,,,
1,00:00:28,28242,89.1,8.06E-13,,,,,,
1,00:00:28,28242,89.15,7.53E-13,,,,,,
1,00:00:28,28242,89.2,6.45E-13,,,,,,
1,00:00:28,28242,89.25,5.64E-13,,,,,,
1,00:00:28,28242,89.3,6.45E-13,,,,,,
1,00:00:28,28242,89.35,7.53E-13,,,,,,
1,00:00:28,28242,89.4,4.84E-13,,,,,,
1,00:00:28,28242,89.45,6.45E-13,,,,,,
1,00:00:28,28242,89.5,3.49E-13,,,,,,
1,00:00:28,28242,89.55,4.30E-13,,,,,,
1,00:00:28,28242,89.6,2.42E-13,,,,,,
1,00:00:28,28242,89.65,5.11E-13,,,,,,
1,00:00:28,28242,89.7,3.49E-13,,,,,,
1,00:00:28,28242,89.75,5.11E-13,,,,,,
1,00:00:28,28242,89.8,6.18E-13,,,,,,
1,00:00:28,28242,89.85,6.18E-13,,,,,,
1,00:00:28,28242,89.9,5.38E-13,,,,,,
1,00:00:28,28242,89.95,3.23E-13,,,,,,
1,00:00:28,28242,90,3.49E-13,,,,,,
1,00:00:28,28242,90.05,5.11E-13,,,,,,
1,00:00:28,28242,90.1,7.53E-13,,,,,,
1,00:00:28,28242,90.15,4.84E-13,,,,,,
1,00:00:28,28242,90.2,5.11E-13,,,,,,
1,00:00:28,28242,90.25,5.64E-13,,,,,,
1,00:00:28,28242,90.3,5.38E-13,,,,,,
1,00:00:28,28242,90.35,5.64E-13,,,,,,
1,00:00:28,28242,90.4,4.84E-13,,,,,,
1,00:00:28,28242,90.45,4.84E-13,,,,,,
1,00:00:28,28242,90.5,5.64E-13,,,,,,
1,00:00:28,28242,90.55,2.69E-13,,,,,,
1,00:00:28,28242,90.6,4.57E-13,,,,,,
1,00:00:28,28242,90.65,5.11E-13,,,,,,
1,00:00:28,28242,90.7,4.30E-13,,,,,,
1,00:00:28,28242,90.75,1.61E-13,,,,,,
1,00:00:28,28242,90.8,5.64E-13,,,,,,
1,00:00:28,28242,90.85,5.38E-13,,,,,,
1,00:00:28,28242,90.9,6.45E-13,,,,,,
1,00:00:28,28242,90.95,4.57E-13,,,,,,
1,00:00:28,28242,91,5.38E-13,,,,,,
1,00:00:28,28242,91.05,6.99E-13,,,,,,
1,00:00:28,28242,91.1,8.06E-13,,,,,,
1,00:00:28,28242,91.15,5.91E-13,,,,,,
1,00:00:28,28242,91.2,5.38E-13,,,,,,
1,00:00:28,28242,91.25,5.11E-13,,,,,,
1,00:00:28,28242,91.3,5.91E-13,,,,,,
1,00:00:28,28242,91.35,4.84E-13,,,,,,
1,00:00:28,28242,91.4,1.08E-13,,,,,,
1,00:00:28,28242,91.45,5.38E-13,,,,,,
1,00:00:28,28242,91.5,4.84E-13,,,,,,
1,00:00:28,28242,91.55,2.96E-13,,,,,,
1,00:00:28,28242,91.6,6.18E-13,,,,,,
1,00:00:28,28242,91.65,4.03E-13,,,,,,
1,00:00:28,28242,91.7,3.76E-13,,,,,,
1,00:00:28,28242,91.75,6.45E-13,,,,,,
1,00:00:28,28242,91.8,3.23E-13,,,,,,
1,00:00:28,28242,91.85,5.11E-13,,,,,,
1,00:00:28,28242,91.9,4.84E-13,,,,,,
1,00:00:28,28242,91.95,7.79E-13,,,,,,
1,00:00:28,28242,92,1.34E-13,,,,,,
1,00:00:28,28242,92.05,9.41E-13,,,,,,
1,00:00:28,28242,92.1,4.84E-13,,,,,,
1,00:00:28,28242,92.15,5.38E-13,,,,,,
1,00:00:28,28242,92.2,5.64E-13,,,,,,
1,00:00:28,28242,92.25,8.87E-13,,,,,,
1,00:00:28,28242,92.3,4.57E-13,,,,,,
1,00:00:28,28242,92.35,3.23E-13,,,,,,
1,00:00:28,28242,92.4,6.99E-13,,,,,,
1,00:00:28,28242,92.45,3.23E-13,,,,,,
1,00:00:28,28242,92.5,5.64E-13,,,,,,
1,00:00:28,28242,92.55,5.11E-13,,,,,,
1,00:00:28,28242,92.6,7.79E-13,,,,,,
1,00:00:28,28242,92.65,8.06E-13,,,,,,
1,00:00:28,28242,92.7,3.49E-13,,,,,,
1,00:00:28,28242,92.75,4.30E-13,,,,,,
1,00:00:28,28242,92.8,2.69E-13,,,,,,
1,00:00:28,28242,92.85,1.61E-13,,,,,,
1,00:00:28,28242,92.9,1.61E-13,,,,,,
1,00:00:28,28242,92.95,6.72E-13,,,,,,
1,00:00:28,28242,93,4.03E-13,,,,,,
1,00:00:28,28242,93.05,9.94E-13,,,,,,
1,00:00:28,28242,93.1,6.45E-13,,,,,,
1,00:00:28,28242,93.15,9.14E-13,,,,,,
1,00:00:28,28242,93.2,6.18E-13,,,,,,
1,00:00:28,28242,93.25,6.18E-13,,,,,,
1,00:00:28,28242,93.3,2.15E-13,,,,,,
1,00:00:28,28242,93.35,4.30E-13,,,,,,
1,00:00:28,28242,93.4,3.49E-13,,,,,,
1,00:00:28,28242,93.45,9.14E-13,,,,,,
1,00:00:28,28242,93.5,6.72E-13,,,,,,
1,00:00:28,28242,93.55,8.60E-13,,,,,,
1,00:00:28,28242,93.6,5.64E-13,,,,,,
1,00:00:28,28242,93.65,4.03E-13,,,,,,
1,00:00:28,28242,93.7,6.99E-13,,,,,,
1,00:00:28,28242,93.75,1.34E-13,,,,,,
1,00:00:28,28242,93.8,4.30E-13,,,,,,
1,00:00:28,28242,93.85,5.38E-13,,,,,,
1,00:00:28,28242,93.9,7.53E-13,,,,,,
1,00:00:28,28242,93.95,3.49E-13,,,,,,
1,00:00:28,28242,94,3.49E-13,,,,,,
1,00:00:28,28242,94.05,2.69E-13,,,,,,
1,00:00:28,28242,94.1,5.91E-13,,,,,,
1,00:00:28,28242,94.15,6.72E-13,,,,,,
1,00:00:28,28242,94.2,7.26E-13,,,,,,
1,00:00:28,28242,94.25,2.96E-13,,,,,,
1,00:00:28,28242,94.3,5.91E-13,,,,,,
1,00:00:28,28242,94.35,7.79E-13,,,,,,
1,00:00:28,28242,94.4,5.11E-13,,,,,,
1,00:00:28,28242,94.45,4.30E-13,,,,,,
1,00:00:28,28242,94.5,7.53E-13,,,,,,
1,00:00:28,28242,94.55,7.26E-13,,,,,,
1,00:00:28,28242,94.6,6.45E-13,,,,,,
1,00:00:28,28242,94.65,8.06E-13,,,,,,
1,00:00:28,28242,94.7,5.38E-13,,,,,,
1,00:00:28,28242,94.75,4.30E-13,,,,,,
1,00:00:28,28242,94.8,7.79E-13,,,,,,
1,00:00:28,28242,94.85,6.45E-13,,,,,,
1,00:00:28,28242,94.9,8.33E-13,,,,,,
1,00:00:28,28242,94.95,6.45E-13,,,,,,
1,00:00:28,28242,95,6.72E-13,,,,,,
1,00:00:28,28242,95.05,9.14E-13,,,,,,
1,00:00:28,28242,95.1,7.79E-13,,,,,,
1,00:00:28,28242,95.15,1.88E-13,,,,,,
1,00:00:28,28242,95.2,5.91E-13,,,,,,
1,00:00:28,28242,95.25,4.30E-13,,,,,,
1,00:00:28,28242,95.3,8.60E-13,,,,,,
1,00:00:28,28242,95.35,3.49E-13,,,,,,
1,00:00:28,28242,95.4,8.87E-13,,,,,,
1,00:00:28,28242,95.45,5.11E-13,,,,,,
1,00:00:28,28242,95.5,8.06E-13,,,,,,
1,00:00:28,28242,95.55,1.05E-12,,,,,,
1,00:00:28,28242,95.6,5.11E-13,,,,,,
1,00:00:28,28242,95.65,5.38E-13,,,,,,
1,00:00:28,28242,95.7,6.18E-13,,,,,,
1,00:00:28,28242,95.75,5.38E-13,,,,,,
1,00:00:28,28242,95.8,4.57E-13,,,,,,
1,00:00:28,28242,95.85,4.84E-13,,,,,,
1,00:00:28,28242,95.9,4.84E-13,,,,,,
1,00:00:28,28242,95.95,6.18E-13,,,,,,
1,00:00:28,28242,96,4.84E-13,,,,,,
1,00:00:28,28242,96.05,8.33E-13,,,,,,
1,00:00:28,28242,96.1,6.45E-13,,,,,,
1,00:00:28,28242,96.15,6.45E-13,,,,,,
1,00:00:28,28242,96.2,6.99E-13,,,,,,
1,00:00:28,28242,96.25,7.53E-13,,,,,,
1,00:00:28,28242,96.3,7.26E-13,,,,,,
1,00:00:28,28242,96.35,2.69E-13,,,,,,
1,00:00:28,28242,96.4,4.57E-13,,,,,,
1,00:00:28,28242,96.45,2.42E-13,,,,,,
1,00:00:28,28242,96.5,5.64E-13,,,,,,
1,00:00:28,28242,96.55,6.99E-13,,,,,,
1,00:00:28,28242,96.6,3.49E-13,,,,,,
1,00:00:28,28242,96.65,4.30E-13,,,,,,
1,00:00:28,28242,96.7,5.38E-13,,,,,,
1,00:00:28,28242,96.75,8.06E-13,,,,,,
1,00:00:28,28242,96.8,7.26E-13,,,,,,
1,00:00:28,28242,96.85,6.72E-13,,,,,,
1,00:00:28,28242,96.9,6.99E-13,,,,,,
1,00:00:28,28242,96.95,3.76E-13,,,,,,
1,00:00:28,28242,97,5.11E-13,,,,,,
1,00:00:28,28242,97.05,6.45E-13,,,,,,
1,00:00:28,28242,97.1,7.53E-13,,,,,,
1,00:00:28,28242,97.15,5.91E-13,,,,,,
1,00:00:28,28242,97.2,4.57E-13,,,,,,
1,00:00:28,28242,97.25,6.99E-13,,,,,,
1,00:00:28,28242,97.3,4.84E-13,,,,,,
1,00:00:28,28242,97.35,5.11E-13,,,,,,
1,00:00:28,28242,97.4,5.38E-13,,,,,,
1,00:00:28,28242,97.45,5.91E-13,,,,,,
1,00:00:28,28242,97.5,6.45E-13,,,,,,
1,00:00:28,28242,97.55,6.45E-13,,,,,,
1,00:00:28,28242,97.6,6.45E-13,,,,,,
1,00:00:28,28242,97.65,5.38E-13,,,,,,
1,00:00:28,28242,97.7,9.14E-13,,,,,,
1,00:00:28,28242,97.75,4.84E-13,,,,,,
1,00:00:28,28242,97.8,4.30E-13,,,,,,
1,00:00:28,28242,97.85,8.06E-13,,,,,,
1,00:00:28,28242,97.9,5.38E-13,,,,,,
1,00:00:28,28242,97.95,6.45E-13,,,,,,
1,00:00:28,28242,98,7.53E-13,,,,,,
1,00:00:28,28242,98.05,5.38E-13,,,,,,
1,00:00:28,28242,98.1,9.14E-13,,,,,,
1,00:00:28,28242,98.15,6.72E-13,,,,,,
1,00:00:28,28242,98.2,4.57E-13,,,,,,
1,00:00:28,28242,98.25,3.49E-13,,,,,,
1,00:00:28,28242,98.3,7.53E-13,,,,,,
1,00:00:28,28242,98.35,6.99E-13,,,,,,
1,00:00:28,28242,98.4,4.57E-13,,,,,,
1,00:00:28,28242,98.45,3.76E-13,,,,,,
1,00:00:28,28242,98.5,6.99E-13,,,,,,
1,00:00:28,28242,98.55,7.79E-13,,,,,,
1,00:00:28,28242,98.6,6.18E-13,,,,,,
1,00:00:28,28242,98.65,4.57E-13,,,,,,
1,00:00:28,28242,98.7,5.64E-13,,,,,,
1,00:00:28,28242,98.75,6.18E-13,,,,,,
1,00:00:28,28242,98.8,7.79E-13,,,,,,
1,00:00:28,28242,98.85,5.91E-13,,,,,,
1,00:00:28,28242,98.9,7.53E-13,,,,,,
1,00:00:28,28242,98.95,6.99E-13,,,,,,
1,00:00:28,28242,99,6.72E-13,,,,,,
1,00:00:28,28242,99.05,2.69E-13,,,,,,
1,00:00:28,28242,99.1,2.96E-13,,,,,,
1,00:00:28,28242,99.15,3.23E-13,,,,,,
1,00:00:28,28242,99.2,-8.06E-14,,,,,,
1,00:00:28,28242,99.25,2.69E-13,,,,,,
1,00:00:28,28242,99.3,8.06E-14,,,,,,
1,00:00:28,28242,99.35,3.76E-13,,,,,,
1,00:00:28,28242,99.4,1.61E-13,,,,,,
1,00:00:28,28242,99.45,4.03E-13,,,,,,
1,00:00:28,28242,99.5,1.08E-13,,,,,,
1,00:00:28,28242,99.55,1.61E-13,,,,,,
1,00:00:28,28242,99.6,0.00E+00,,,,,,
1,00:00:28,28242,99.65,2.15E-13,,,,,,
1,00:00:28,28242,99.7,2.69E-14,,,,,,
1,00:00:28,28242,99.75,2.69E-13,,,,,,
1,00:00:28,28242,99.8,3.23E-13,,,,,,
1,00:00:28,28242,99.85,2.96E-13,,,,,,
1,00:00:28,28242,99.9,3.76E-13,,,,,,
1,00:00:28,28242,99.95,3.49E-13,,,,,,
1,00:00:28,28242,100,5.38E-14,,,,,,
