,scans,0,DataLength,,,,,,,
header,20,lines,,,,,,,,
Date,15/05/2018,Time,10:54:05,,,,,,,
ID,HAL RC RGA 101 #15508,Version,3,,,,,,,
Scans,1,,,,,,,,,
Scan ID,Mode,Input,Scanned,Start,Stop,Increment,Dwell,Settle,RS,RelSEM
Scan 1,RGA,SEM,mass,0.4,100,0.05,100.00%,100.00%,1,1
Environment,,,,,,,,,,
Global,RGA,,,,,,,,,
F1,1,"( 1 = on, 0 = off )",,,,,,,,
F2,0,"( 1 = on, 0 = off )",,,,,,,,
cage,3,V,,,,,,,,
delta-m,0,%,,,,,,,,
electron-energy,70,V,,,,,,,,
emission,1000,uA,,,,,,,,
focus,-90,V,,,,,,,,
mass,5.5,amu,,,,,,,,
mode-change-delay,1000,ms,,,,,,,,
multiplier,800,V,,,,,,,,
resolution,0,%,,,,,,,,
Data,1,,,,,,,,,
Cycle,Time,ms,mass amu,SEM Ie(Amps),,,,,,
1,00:00:28,28602,0.4,8.87E-13,,,,,,
1,00:00:28,28602,0.45,6.99E-13,,,,,,
1,00:00:28,28602,0.5,1.37E-12,,,,,,
1,00:00:28,28602,0.55,2.31E-12,,,,,,
1,00:00:28,28602,0.6,4.89E-12,,,,,,
1,00:00:28,28602,0.65,1.46E-11,,,,,,
1,00:00:28,28602,0.7,7.03E-11,,,,,,
1,00:00:28,28602,0.75,9.66E-10,,,,,,
1,00:00:28,28602,0.8,2.07E-09,,,,,,
1,00:00:28,28602,0.85,3.01E-10,,,,,,
1,00:00:28,28602,0.9,6.82E-09,,,,,,
1,00:00:28,28602,0.95,6.91E-09,,,,,,
1,00:00:28,28602,1,6.71E-09,,,,,,
1,00:00:28,28602,1.05,6.57E-09,,,,,,
1,00:00:28,28602,1.1,6.74E-09,,,,,,
1,00:00:28,28602,1.15,6.57E-09,,,,,,
1,00:00:28,28602,1.2,6.33E-09,,,,,,
1,00:00:28,28602,1.25,5.98E-09,,,,,,
1,00:00:28,28602,1.3,5.36E-09,,,,,,
1,00:00:28,28602,1.35,4.59E-09,,,,,,
1,00:00:28,28602,1.4,3.33E-09,,,,,,
1,00:00:28,28602,1.45,3.95E-10,,,,,,
1,00:00:28,28602,1.5,1.38E-10,,,,,,
1,00:00:28,28602,1.55,2.08E-10,,,,,,
1,00:00:28,28602,1.6,6.29E-10,,,,,,
1,00:00:28,28602,1.65,1.29E-09,,,,,,
1,00:00:28,28602,1.7,1.76E-09,,,,,,
1,00:00:28,28602,1.75,2.05E-09,,,,,,
1,00:00:28,28602,1.8,2.38E-09,,,,,,
1,00:00:28,28602,1.85,2.45E-09,,,,,,
1,00:00:28,28602,1.9,2.58E-09,,,,,,
1,00:00:28,28602,1.95,2.70E-09,,,,,,
1,00:00:28,28602,2,2.80E-09,,,,,,
1,00:00:28,28602,2.05,2.89E-09,,,,,,
1,00:00:28,28602,2.1,2.87E-09,,,,,,
1,00:00:28,28602,2.15,2.84E-09,,,,,,
1,00:00:28,28602,2.2,2.78E-09,,,,,,
1,00:00:28,28602,2.25,2.68E-09,,,,,,
1,00:00:28,28602,2.3,2.54E-09,,,,,,
1,00:00:28,28602,2.35,2.21E-09,,,,,,
1,00:00:28,28602,2.4,1.61E-09,,,,,,
1,00:00:28,28602,2.45,7.43E-11,,,,,,
1,00:00:28,28602,2.5,2.96E-13,,,,,,
1,00:00:28,28602,2.55,1.08E-13,,,,,,
1,00:00:28,28602,2.6,8.06E-14,,,,,,
1,00:00:28,28602,2.65,-1.08E-13,,,,,,
1,00:00:28,28602,2.7,-5.38E-14,,,,,,
1,00:00:28,28602,2.75,8.87E-13,,,,,,
1,00:00:28,28602,2.8,4.57E-13,,,,,,
1,00:00:28,28602,2.85,9.68E-13,,,,,,
1,00:00:28,28602,2.9,1.10E-12,,,,,,
1,00:00:28,28602,2.95,7.79E-13,,,,,,
1,00:00:28,28602,3,8.60E-13,,,,,,
1,00:00:28,28602,3.05,1.37E-12,,,,,,
1,00:00:28,28602,3.1,1.37E-12,,,,,,
1,00:00:28,28602,3.15,1.34E-12,,,,,,
1,00:00:28,28602,3.2,1.13E-12,,,,,,
1,00:00:28,28602,3.25,1.24E-12,,,,,,
1,00:00:28,28602,3.3,9.68E-13,,,,,,
1,00:00:28,28602,3.35,1.02E-12,,,,,,
1,00:00:28,28602,3.4,3.76E-13,,,,,,
1,00:00:28,28602,3.45,5.38E-14,,,,,,
1,00:00:28,28602,3.5,1.34E-13,,,,,,
1,00:00:28,28602,3.55,1.88E-13,,,,,,
1,00:00:28,28602,3.6,2.69E-13,,,,,,
1,00:00:28,28602,3.65,8.06E-14,,,,,,
1,00:00:28,28602,3.7,2.69E-14,,,,,,
1,00:00:28,28602,3.75,0.00E+00,,,,,,
1,00:00:28,28602,3.8,-2.69E-14,,,,,,
1,00:00:28,28602,3.85,-2.69E-14,,,,,,
1,00:00:28,28602,3.9,0.00E+00,,,,,,
1,00:00:28,28602,3.95,2.15E-13,,,,,,
1,00:00:28,28602,4,-5.38E-14,,,,,,
1,00:00:28,28602,4.05,-2.15E-13,,,,,,
1,00:00:28,28602,4.1,2.69E-14,,,,,,
1,00:00:28,28602,4.15,-8.06E-14,,,,,,
1,00:00:28,28602,4.2,5.38E-14,,,,,,
1,00:00:28,28602,4.25,-2.69E-14,,,,,,
1,00:00:28,28602,4.3,2.69E-14,,,,,,
1,00:00:28,28602,4.35,4.30E-13,,,,,,
1,00:00:28,28602,4.4,-1.08E-13,,,,,,
1,00:00:28,28602,4.45,-1.08E-13,,,,,,
1,00:00:28,28602,4.5,-3.76E-13,,,,,,
1,00:00:28,28602,4.55,2.96E-13,,,,,,
1,00:00:28,28602,4.6,-2.69E-13,,,,,,
1,00:00:28,28602,4.65,2.42E-13,,,,,,
1,00:00:28,28602,4.7,3.23E-13,,,,,,
1,00:00:28,28602,4.75,-1.08E-13,,,,,,
1,00:00:28,28602,4.8,-2.69E-14,,,,,,
1,00:00:28,28602,4.85,1.61E-13,,,,,,
1,00:00:28,28602,4.9,2.15E-13,,,,,,
1,00:00:28,28602,4.95,5.11E-13,,,,,,
1,00:00:28,28602,5,-1.61E-13,,,,,,
1,00:00:28,28602,5.05,-2.42E-13,,,,,,
1,00:00:28,28602,5.1,1.08E-13,,,,,,
1,00:00:28,28602,5.15,-8.06E-14,,,,,,
1,00:00:28,28602,5.2,1.08E-13,,,,,,
1,00:00:28,28602,5.25,8.06E-14,,,,,,
1,00:00:28,28602,5.3,5.38E-14,,,,,,
1,00:00:28,28602,5.35,1.88E-13,,,,,,
1,00:00:28,28602,5.4,0.00E+00,,,,,,
1,00:00:28,28602,5.45,2.15E-13,,,,,,
1,00:00:28,28602,5.5,1.61E-13,,,,,,
1,00:00:28,28602,5.55,2.69E-14,,,,,,
1,00:00:28,28602,5.6,-2.69E-14,,,,,,
1,00:00:28,28602,5.65,-2.42E-13,,,,,,
1,00:00:28,28602,5.7,1.61E-13,,,,,,
1,00:00:28,28602,5.75,5.38E-14,,,,,,
1,00:00:28,28602,5.8,3.76E-13,,,,,,
1,00:00:28,28602,5.85,5.38E-13,,,,,,
1,00:00:28,28602,5.9,6.18E-13,,,,,,
1,00:00:28,28602,5.95,4.84E-13,,,,,,
1,00:00:28,28602,6,6.99E-13,,,,,,
1,00:00:28,28602,6.05,4.30E-13,,,,,,
1,00:00:28,28602,6.1,2.96E-13,,,,,,
1,00:00:28,28602,6.15,4.30E-13,,,,,,
1,00:00:28,28602,6.2,7.79E-13,,,,,,
1,00:00:28,28602,6.25,4.84E-13,,,,,,
1,00:00:28,28602,6.3,8.06E-14,,,,,,
1,00:00:28,28602,6.35,5.11E-13,,,,,,
1,00:00:28,28602,6.4,-2.15E-13,,,,,,
1,00:00:28,28602,6.45,1.34E-13,,,,,,
1,00:00:28,28602,6.5,1.34E-13,,,,,,
1,00:00:28,28602,6.55,1.08E-13,,,,,,
1,00:00:28,28602,6.6,2.96E-13,,,,,,
1,00:00:28,28602,6.65,1.08E-13,,,,,,
1,00:00:28,28602,6.7,-5.38E-14,,,,,,
1,00:00:28,28602,6.75,0.00E+00,,,,,,
1,00:00:28,28602,6.8,-1.08E-13,,,,,,
1,00:00:28,28602,6.85,1.88E-13,,,,,,
1,00:00:28,28602,6.9,-1.61E-13,,,,,,
1,00:00:28,28602,6.95,4.30E-13,,,,,,
1,00:00:28,28602,7,1.88E-13,,,,,,
1,00:00:28,28602,7.05,8.06E-14,,,,,,
1,00:00:28,28602,7.1,4.30E-13,,,,,,
1,00:00:28,28602,7.15,2.15E-13,,,,,,
1,00:00:28,28602,7.2,-2.69E-14,,,,,,
1,00:00:28,28602,7.25,1.88E-13,,,,,,
1,00:00:28,28602,7.3,0.00E+00,,,,,,
1,00:00:28,28602,7.35,1.61E-13,,,,,,
1,00:00:28,28602,7.4,-5.38E-14,,,,,,
1,00:00:28,28602,7.45,-1.34E-13,,,,,,
1,00:00:28,28602,7.5,2.69E-14,,,,,,
1,00:00:28,28602,7.55,-8.06E-14,,,,,,
1,00:00:28,28602,7.6,1.61E-13,,,,,,
1,00:00:28,28602,7.65,-1.61E-13,,,,,,
1,00:00:28,28602,7.7,4.30E-13,,,,,,
1,00:00:28,28602,7.75,8.60E-13,,,,,,
1,00:00:28,28602,7.8,1.53E-12,,,,,,
1,00:00:28,28602,7.85,1.32E-12,,,,,,
1,00:00:28,28602,7.9,2.02E-12,,,,,,
1,00:00:28,28602,7.95,2.39E-12,,,,,,
1,00:00:28,28602,8,2.53E-12,,,,,,
1,00:00:28,28602,8.05,2.50E-12,,,,,,
1,00:00:28,28602,8.1,2.47E-12,,,,,,
1,00:00:28,28602,8.15,2.55E-12,,,,,,
1,00:00:28,28602,8.2,2.20E-12,,,,,,
1,00:00:28,28602,8.25,2.07E-12,,,,,,
1,00:00:28,28602,8.3,1.99E-12,,,,,,
1,00:00:28,28602,8.35,2.15E-12,,,,,,
1,00:00:28,28602,8.4,1.37E-12,,,,,,
1,00:00:28,28602,8.45,-1.08E-13,,,,,,
1,00:00:28,28602,8.5,0.00E+00,,,,,,
1,00:00:28,28602,8.55,1.08E-13,,,,,,
1,00:00:28,28602,8.6,4.30E-13,,,,,,
1,00:00:28,28602,8.65,0.00E+00,,,,,,
1,00:00:28,28602,8.7,0.00E+00,,,,,,
1,00:00:28,28602,8.75,-2.42E-13,,,,,,
1,00:00:28,28602,8.8,1.08E-13,,,,,,
1,00:00:28,28602,8.85,5.38E-14,,,,,,
1,00:00:28,28602,8.9,0.00E+00,,,,,,
1,00:00:28,28602,8.95,1.88E-13,,,,,,
1,00:00:28,28602,9,2.69E-13,,,,,,
1,00:00:28,28602,9.05,1.61E-13,,,,,,
1,00:00:28,28602,9.1,-2.69E-14,,,,,,
1,00:00:28,28602,9.15,-8.06E-14,,,,,,
1,00:00:28,28602,9.2,5.38E-14,,,,,,
1,00:00:28,28602,9.25,1.34E-13,,,,,,
1,00:00:28,28602,9.3,8.06E-14,,,,,,
1,00:00:28,28602,9.35,4.84E-13,,,,,,
1,00:00:28,28602,9.4,5.38E-14,,,,,,
1,00:00:28,28602,9.45,1.88E-13,,,,,,
1,00:00:28,28602,9.5,1.34E-13,,,,,,
1,00:00:28,28602,9.55,8.06E-14,,,,,,
1,00:00:28,28602,9.6,5.38E-14,,,,,,
1,00:00:28,28602,9.65,-2.69E-14,,,,,,
1,00:00:28,28602,9.7,-2.69E-14,,,,,,
1,00:00:28,28602,9.75,2.15E-13,,,,,,
1,00:00:28,28602,9.8,-5.38E-14,,,,,,
1,00:00:28,28602,9.85,1.88E-13,,,,,,
1,00:00:28,28602,9.9,3.23E-13,,,,,,
1,00:00:28,28602,9.95,-2.69E-14,,,,,,
1,00:00:28,28602,10,1.61E-13,,,,,,
1,00:00:28,28602,10.05,2.42E-13,,,,,,
1,00:00:28,28602,10.1,1.34E-13,,,,,,
1,00:00:28,28602,10.15,-2.69E-14,,,,,,
1,00:00:28,28602,10.2,0.00E+00,,,,,,
1,00:00:28,28602,10.25,4.30E-13,,,,,,
1,00:00:28,28602,10.3,-1.61E-13,,,,,,
1,00:00:28,28602,10.35,1.08E-13,,,,,,
1,00:00:28,28602,10.4,2.69E-13,,,,,,
1,00:00:28,28602,10.45,2.69E-13,,,,,,
1,00:00:28,28602,10.5,8.06E-14,,,,,,
1,00:00:28,28602,10.55,1.08E-13,,,,,,
1,00:00:28,28602,10.6,2.69E-14,,,,,,
1,00:00:28,28602,10.65,1.08E-13,,,,,,
1,00:00:28,28602,10.7,2.15E-13,,,,,,
1,00:00:28,28602,10.75,8.06E-14,,,,,,
1,00:00:28,28602,10.8,-1.61E-13,,,,,,
1,00:00:28,28602,10.85,5.91E-13,,,,,,
1,00:00:28,28602,10.9,-1.88E-13,,,,,,
1,00:00:28,28602,10.95,-2.69E-14,,,,,,
1,00:00:28,28602,11,2.96E-13,,,,,,
1,00:00:28,28602,11.05,-3.76E-13,,,,,,
1,00:00:28,28602,11.1,4.03E-13,,,,,,
1,00:00:28,28602,11.15,1.34E-13,,,,,,
1,00:00:28,28602,11.2,2.69E-13,,,,,,
1,00:00:28,28602,11.25,3.23E-13,,,,,,
1,00:00:28,28602,11.3,2.69E-14,,,,,,
1,00:00:28,28602,11.35,1.34E-13,,,,,,
1,00:00:28,28602,11.4,5.91E-13,,,,,,
1,00:00:28,28602,11.45,6.45E-13,,,,,,
1,00:00:28,28602,11.5,7.26E-13,,,,,,
1,00:00:28,28602,11.55,2.58E-12,,,,,,
1,00:00:28,28602,11.6,7.96E-12,,,,,,
1,00:00:28,28602,11.65,2.61E-11,,,,,,
1,00:00:28,28602,11.7,1.66E-10,,,,,,
1,00:00:28,28602,11.75,2.92E-10,,,,,,
1,00:00:28,28602,11.8,3.82E-10,,,,,,
1,00:00:28,28602,11.85,4.40E-10,,,,,,
1,00:00:28,28602,11.9,4.69E-10,,,,,,
1,00:00:28,28602,11.95,4.97E-10,,,,,,
1,00:00:28,28602,12,5.09E-10,,,,,,
1,00:00:28,28602,12.05,5.07E-10,,,,,,
1,00:00:28,28602,12.1,4.85E-10,,,,,,
1,00:00:28,28602,12.15,4.55E-10,,,,,,
1,00:00:28,28602,12.2,4.39E-10,,,,,,
1,00:00:28,28602,12.25,3.98E-10,,,,,,
1,00:00:28,28602,12.3,3.28E-10,,,,,,
1,00:00:28,28602,12.35,2.49E-10,,,,,,
1,00:00:28,28602,12.4,1.04E-10,,,,,,
1,00:00:28,28602,12.45,2.42E-13,,,,,,
1,00:00:28,28602,12.5,1.61E-13,,,,,,
1,00:00:28,28602,12.55,2.69E-13,,,,,,
1,00:00:28,28602,12.6,8.60E-13,,,,,,
1,00:00:28,28602,12.65,3.23E-12,,,,,,
1,00:00:28,28602,12.7,2.31E-11,,,,,,
1,00:00:28,28602,12.75,3.85E-11,,,,,,
1,00:00:28,28602,12.8,5.09E-11,,,,,,
1,00:00:28,28602,12.85,5.93E-11,,,,,,
1,00:00:28,28602,12.9,6.36E-11,,,,,,
1,00:00:28,28602,12.95,6.60E-11,,,,,,
1,00:00:28,28602,13,6.88E-11,,,,,,
1,00:00:28,28602,13.05,6.60E-11,,,,,,
1,00:00:28,28602,13.1,6.39E-11,,,,,,
1,00:00:28,28602,13.15,5.99E-11,,,,,,
1,00:00:28,28602,13.2,5.97E-11,,,,,,
1,00:00:28,28602,13.25,5.45E-11,,,,,,
1,00:00:28,28602,13.3,4.51E-11,,,,,,
1,00:00:28,28602,13.35,3.62E-11,,,,,,
1,00:00:28,28602,13.4,1.88E-11,,,,,,
1,00:00:28,28602,13.45,1.48E-12,,,,,,
1,00:00:28,28602,13.5,1.88E-12,,,,,,
1,00:00:28,28602,13.55,2.10E-12,,,,,,
1,00:00:28,28602,13.6,4.52E-12,,,,,,
1,00:00:28,28602,13.65,1.08E-11,,,,,,
1,00:00:28,28602,13.7,7.97E-11,,,,,,
1,00:00:28,28602,13.75,1.33E-10,,,,,,
1,00:00:28,28602,13.8,1.68E-10,,,,,,
1,00:00:28,28602,13.85,1.93E-10,,,,,,
1,00:00:28,28602,13.9,2.07E-10,,,,,,
1,00:00:28,28602,13.95,2.15E-10,,,,,,
1,00:00:28,28602,14,2.23E-10,,,,,,
1,00:00:28,28602,14.05,2.17E-10,,,,,,
1,00:00:28,28602,14.1,2.11E-10,,,,,,
1,00:00:28,28602,14.15,2.00E-10,,,,,,
1,00:00:28,28602,14.2,1.91E-10,,,,,,
1,00:00:28,28602,14.25,1.78E-10,,,,,,
1,00:00:28,28602,14.3,1.51E-10,,,,,,
1,00:00:28,28602,14.35,1.18E-10,,,,,,
1,00:00:28,28602,14.4,6.55E-11,,,,,,
1,00:00:28,28602,14.45,1.10E-12,,,,,,
1,00:00:28,28602,14.5,1.26E-12,,,,,,
1,00:00:28,28602,14.55,2.42E-12,,,,,,
1,00:00:28,28602,14.6,6.69E-12,,,,,,
1,00:00:28,28602,14.65,1.62E-11,,,,,,
1,00:00:28,28602,14.7,1.35E-10,,,,,,
1,00:00:28,28602,14.75,2.36E-10,,,,,,
1,00:00:28,28602,14.8,2.97E-10,,,,,,
1,00:00:28,28602,14.85,3.39E-10,,,,,,
1,00:00:28,28602,14.9,3.67E-10,,,,,,
1,00:00:28,28602,14.95,3.83E-10,,,,,,
1,00:00:28,28602,15,3.97E-10,,,,,,
1,00:00:28,28602,15.05,3.85E-10,,,,,,
1,00:00:28,28602,15.1,3.80E-10,,,,,,
1,00:00:28,28602,15.15,3.60E-10,,,,,,
1,00:00:28,28602,15.2,3.49E-10,,,,,,
1,00:00:28,28602,15.25,3.22E-10,,,,,,
1,00:00:28,28602,15.3,2.78E-10,,,,,,
1,00:00:28,28602,15.35,2.22E-10,,,,,,
1,00:00:28,28602,15.4,1.36E-10,,,,,,
1,00:00:28,28602,15.45,7.93E-12,,,,,,
1,00:00:28,28602,15.5,9.27E-12,,,,,,
1,00:00:28,28602,15.55,2.21E-11,,,,,,
1,00:00:28,28602,15.6,7.43E-11,,,,,,
1,00:00:28,28602,15.65,4.94E-10,,,,,,
1,00:00:28,28602,15.7,1.13E-09,,,,,,
1,00:00:28,28602,15.75,1.58E-09,,,,,,
1,00:00:28,28602,15.8,1.83E-09,,,,,,
1,00:00:28,28602,15.85,1.98E-09,,,,,,
1,00:00:28,28602,15.9,2.05E-09,,,,,,
1,00:00:28,28602,15.95,2.16E-09,,,,,,
1,00:00:28,28602,16,2.15E-09,,,,,,
1,00:00:28,28602,16.05,2.07E-09,,,,,,
1,00:00:28,28602,16.1,2.03E-09,,,,,,
1,00:00:28,28602,16.15,1.91E-09,,,,,,
1,00:00:28,28602,16.2,1.83E-09,,,,,,
1,00:00:28,28602,16.25,1.67E-09,,,,,,
1,00:00:28,28602,16.3,1.33E-09,,,,,,
1,00:00:28,28602,16.35,9.87E-10,,,,,,
1,00:00:28,28602,16.4,2.69E-10,,,,,,
1,00:00:28,28602,16.45,2.27E-11,,,,,,
1,00:00:28,28602,16.5,3.89E-11,,,,,,
1,00:00:28,28602,16.55,9.64E-11,,,,,,
1,00:00:28,28602,16.6,3.15E-10,,,,,,
1,00:00:28,28602,16.65,2.54E-09,,,,,,
1,00:00:28,28602,16.7,5.69E-09,,,,,,
1,00:00:28,28602,16.75,7.57E-09,,,,,,
1,00:00:28,28602,16.8,8.60E-09,,,,,,
1,00:00:28,28602,16.85,9.40E-09,,,,,,
1,00:00:28,28602,16.9,9.75E-09,,,,,,
1,00:00:28,28602,16.95,1.02E-08,,,,,,
1,00:00:28,28602,17,1.02E-08,,,,,,
1,00:00:28,28602,17.05,9.88E-09,,,,,,
1,00:00:28,28602,17.1,9.50E-09,,,,,,
1,00:00:28,28602,17.15,9.03E-09,,,,,,
1,00:00:28,28602,17.2,8.82E-09,,,,,,
1,00:00:28,28602,17.25,7.96E-09,,,,,,
1,00:00:28,28602,17.3,6.59E-09,,,,,,
1,00:00:28,28602,17.35,5.11E-09,,,,,,
1,00:00:28,28602,17.4,2.15E-09,,,,,,
1,00:00:28,28602,17.45,8.66E-11,,,,,,
1,00:00:28,28602,17.5,1.59E-10,,,,,,
1,00:00:28,28602,17.55,3.83E-10,,,,,,
1,00:00:28,28602,17.6,1.24E-09,,,,,,
1,00:00:28,28602,17.65,1.01E-08,,,,,,
1,00:00:28,28602,17.7,2.36E-08,,,,,,
1,00:00:28,28602,17.75,3.14E-08,,,,,,
1,00:00:28,28602,17.8,3.56E-08,,,,,,
1,00:00:28,28602,17.85,3.90E-08,,,,,,
1,00:00:28,28602,17.9,4.04E-08,,,,,,
1,00:00:28,28602,17.95,4.23E-08,,,,,,
1,00:00:28,28602,18,4.21E-08,,,,,,
1,00:00:28,28602,18.05,4.10E-08,,,,,,
1,00:00:28,28602,18.1,3.96E-08,,,,,,
1,00:00:28,28602,18.15,3.74E-08,,,,,,
1,00:00:28,28602,18.2,3.67E-08,,,,,,
1,00:00:28,28602,18.25,3.34E-08,,,,,,
1,00:00:28,28602,18.3,2.81E-08,,,,,,
1,00:00:28,28602,18.35,2.22E-08,,,,,,
1,00:00:28,28602,18.4,1.09E-08,,,,,,
1,00:00:28,28602,18.45,2.11E-11,,,,,,
1,00:00:28,28602,18.5,3.17E-12,,,,,,
1,00:00:28,28602,18.55,4.73E-12,,,,,,
1,00:00:28,28602,18.6,1.24E-11,,,,,,
1,00:00:28,28602,18.65,9.58E-11,,,,,,
1,00:00:28,28602,18.7,2.08E-10,,,,,,
1,00:00:28,28602,18.75,2.86E-10,,,,,,
1,00:00:28,28602,18.8,3.31E-10,,,,,,
1,00:00:28,28602,18.85,3.64E-10,,,,,,
1,00:00:28,28602,18.9,3.79E-10,,,,,,
1,00:00:28,28602,18.95,3.95E-10,,,,,,
1,00:00:28,28602,19,3.99E-10,,,,,,
1,00:00:28,28602,19.05,3.87E-10,,,,,,
1,00:00:28,28602,19.1,3.73E-10,,,,,,
1,00:00:28,28602,19.15,3.54E-10,,,,,,
1,00:00:28,28602,19.2,3.46E-10,,,,,,
1,00:00:28,28602,19.25,3.15E-10,,,,,,
1,00:00:28,28602,19.3,2.64E-10,,,,,,
1,00:00:28,28602,19.35,2.10E-10,,,,,,
1,00:00:28,28602,19.4,1.11E-10,,,,,,
1,00:00:28,28602,19.45,3.95E-12,,,,,,
1,00:00:28,28602,19.5,2.15E-12,,,,,,
1,00:00:28,28602,19.55,3.36E-12,,,,,,
1,00:00:28,28602,19.6,4.38E-12,,,,,,
1,00:00:28,28602,19.65,3.68E-11,,,,,,
1,00:00:28,28602,19.7,6.51E-11,,,,,,
1,00:00:28,28602,19.75,8.06E-11,,,,,,
1,00:00:28,28602,19.8,9.47E-11,,,,,,
1,00:00:28,28602,19.85,1.02E-10,,,,,,
1,00:00:28,28602,19.9,1.05E-10,,,,,,
1,00:00:28,28602,19.95,1.08E-10,,,,,,
1,00:00:28,28602,20,1.09E-10,,,,,,
1,00:00:28,28602,20.05,1.05E-10,,,,,,
1,00:00:28,28602,20.1,9.99E-11,,,,,,
1,00:00:28,28602,20.15,9.70E-11,,,,,,
1,00:00:28,28602,20.2,9.51E-11,,,,,,
1,00:00:28,28602,20.25,8.56E-11,,,,,,
1,00:00:28,28602,20.3,7.24E-11,,,,,,
1,00:00:28,28602,20.35,5.60E-11,,,,,,
1,00:00:28,28602,20.4,2.82E-11,,,,,,
1,00:00:28,28602,20.45,1.61E-12,,,,,,
1,00:00:28,28602,20.5,1.13E-12,,,,,,
1,00:00:28,28602,20.55,1.24E-12,,,,,,
1,00:00:28,28602,20.6,1.13E-12,,,,,,
1,00:00:28,28602,20.65,2.12E-12,,,,,,
1,00:00:28,28602,20.7,2.31E-12,,,,,,
1,00:00:28,28602,20.75,2.45E-12,,,,,,
1,00:00:28,28602,20.8,2.93E-12,,,,,,
1,00:00:28,28602,20.85,3.04E-12,,,,,,
1,00:00:28,28602,20.9,3.33E-12,,,,,,
1,00:00:28,28602,20.95,3.06E-12,,,,,,
1,00:00:28,28602,21,2.58E-12,,,,,,
1,00:00:28,28602,21.05,2.69E-12,,,,,,
1,00:00:28,28602,21.1,2.85E-12,,,,,,
1,00:00:28,28602,21.15,3.01E-12,,,,,,
1,00:00:28,28602,21.2,2.50E-12,,,,,,
1,00:00:28,28602,21.25,2.96E-12,,,,,,
1,00:00:28,28602,21.3,2.18E-12,,,,,,
1,00:00:28,28602,21.35,2.31E-12,,,,,,
1,00:00:28,28602,21.4,1.37E-12,,,,,,
1,00:00:28,28602,21.45,5.11E-13,,,,,,
1,00:00:28,28602,21.5,1.40E-12,,,,,,
1,00:00:28,28602,21.55,3.76E-12,,,,,,
1,00:00:28,28602,21.6,2.58E-11,,,,,,
1,00:00:28,28602,21.65,7.10E-11,,,,,,
1,00:00:28,28602,21.7,9.78E-11,,,,,,
1,00:00:28,28602,21.75,1.14E-10,,,,,,
1,00:00:28,28602,21.8,1.28E-10,,,,,,
1,00:00:28,28602,21.85,1.34E-10,,,,,,
1,00:00:28,28602,21.9,1.38E-10,,,,,,
1,00:00:28,28602,21.95,1.41E-10,,,,,,
1,00:00:28,28602,22,1.35E-10,,,,,,
1,00:00:28,28602,22.05,1.35E-10,,,,,,
1,00:00:28,28602,22.1,1.26E-10,,,,,,
1,00:00:28,28602,22.15,1.26E-10,,,,,,
1,00:00:28,28602,22.2,1.20E-10,,,,,,
1,00:00:28,28602,22.25,1.07E-10,,,,,,
1,00:00:28,28602,22.3,9.17E-11,,,,,,
1,00:00:28,28602,22.35,6.83E-11,,,,,,
1,00:00:28,28602,22.4,2.20E-11,,,,,,
1,00:00:28,28602,22.45,2.04E-12,,,,,,
1,00:00:28,28602,22.5,2.04E-12,,,,,,
1,00:00:28,28602,22.55,2.02E-12,,,,,,
1,00:00:28,28602,22.6,1.85E-12,,,,,,
1,00:00:28,28602,22.65,1.67E-12,,,,,,
1,00:00:28,28602,22.7,2.23E-12,,,,,,
1,00:00:28,28602,22.75,1.99E-12,,,,,,
1,00:00:28,28602,22.8,1.94E-12,,,,,,
1,00:00:28,28602,22.85,1.77E-12,,,,,,
1,00:00:28,28602,22.9,9.94E-13,,,,,,
1,00:00:28,28602,22.95,8.87E-13,,,,,,
1,00:00:28,28602,23,7.26E-13,,,,,,
1,00:00:28,28602,23.05,5.11E-13,,,,,,
1,00:00:28,28602,23.1,3.76E-13,,,,,,
1,00:00:28,28602,23.15,6.18E-13,,,,,,
1,00:00:28,28602,23.2,1.61E-13,,,,,,
1,00:00:28,28602,23.25,4.84E-13,,,,,,
1,00:00:28,28602,23.3,4.57E-13,,,,,,
1,00:00:28,28602,23.35,6.99E-13,,,,,,
1,00:00:28,28602,23.4,4.30E-13,,,,,,
1,00:00:28,28602,23.45,2.69E-13,,,,,,
1,00:00:28,28602,23.5,2.69E-13,,,,,,
1,00:00:28,28602,23.55,6.99E-13,,,,,,
1,00:00:28,28602,23.6,2.96E-12,,,,,,
1,00:00:28,28602,23.65,5.86E-12,,,,,,
1,00:00:28,28602,23.7,7.07E-12,,,,,,
1,00:00:28,28602,23.75,8.39E-12,,,,,,
1,00:00:28,28602,23.8,9.33E-12,,,,,,
1,00:00:28,28602,23.85,9.41E-12,,,,,,
1,00:00:28,28602,23.9,1.05E-11,,,,,,
1,00:00:28,28602,23.95,1.07E-11,,,,,,
1,00:00:28,28602,24,1.06E-11,,,,,,
1,00:00:28,28602,24.05,9.49E-12,,,,,,
1,00:00:28,28602,24.1,9.22E-12,,,,,,
1,00:00:28,28602,24.15,8.60E-12,,,,,,
1,00:00:28,28602,24.2,8.87E-12,,,,,,
1,00:00:28,28602,24.25,7.47E-12,,,,,,
1,00:00:28,28602,24.3,5.94E-12,,,,,,
1,00:00:28,28602,24.35,4.84E-12,,,,,,
1,00:00:28,28602,24.4,1.59E-12,,,,,,
1,00:00:28,28602,24.45,5.91E-13,,,,,,
1,00:00:28,28602,24.5,4.57E-13,,,,,,
1,00:00:28,28602,24.55,1.26E-12,,,,,,
1,00:00:28,28602,24.6,8.20E-12,,,,,,
1,00:00:28,28602,24.65,1.59E-11,,,,,,
1,00:00:28,28602,24.7,2.21E-11,,,,,,
1,00:00:28,28602,24.75,2.62E-11,,,,,,
1,00:00:28,28602,24.8,2.94E-11,,,,,,
1,00:00:28,28602,24.85,3.05E-11,,,,,,
1,00:00:28,28602,24.9,3.18E-11,,,,,,
1,00:00:28,28602,24.95,3.24E-11,,,,,,
1,00:00:28,28602,25,3.17E-11,,,,,,
1,00:00:28,28602,25.05,2.99E-11,,,,,,
1,00:00:28,28602,25.1,2.96E-11,,,,,,
1,00:00:28,28602,25.15,2.96E-11,,,,,,
1,00:00:28,28602,25.2,2.88E-11,,,,,,
1,00:00:28,28602,25.25,2.54E-11,,,,,,
1,00:00:28,28602,25.3,1.99E-11,,,,,,
1,00:00:28,28602,25.35,1.58E-11,,,,,,
1,00:00:28,28602,25.4,7.07E-12,,,,,,
1,00:00:28,28602,25.45,2.34E-12,,,,,,
1,00:00:28,28602,25.5,3.36E-12,,,,,,
1,00:00:28,28602,25.55,6.15E-12,,,,,,
1,00:00:28,28602,25.6,3.87E-11,,,,,,
1,00:00:28,28602,25.65,8.09E-11,,,,,,
1,00:00:28,28602,25.7,1.08E-10,,,,,,
1,00:00:28,28602,25.75,1.27E-10,,,,,,
1,00:00:28,28602,25.8,1.39E-10,,,,,,
1,00:00:28,28602,25.85,1.45E-10,,,,,,
1,00:00:28,28602,25.9,1.56E-10,,,,,,
1,00:00:28,28602,25.95,1.57E-10,,,,,,
1,00:00:28,28602,26,1.52E-10,,,,,,
1,00:00:28,28602,26.05,1.47E-10,,,,,,
1,00:00:28,28602,26.1,1.41E-10,,,,,,
1,00:00:28,28602,26.15,1.38E-10,,,,,,
1,00:00:28,28602,26.2,1.32E-10,,,,,,
1,00:00:28,28602,26.25,1.18E-10,,,,,,
1,00:00:28,28602,26.3,9.64E-11,,,,,,
1,00:00:28,28602,26.35,7.71E-11,,,,,,
1,00:00:28,28602,26.4,3.86E-11,,,,,,
1,00:00:28,28602,26.45,5.24E-12,,,,,,
1,00:00:28,28602,26.5,5.05E-12,,,,,,
1,00:00:28,28602,26.55,1.05E-11,,,,,,
1,00:00:28,28602,26.6,6.44E-11,,,,,,
1,00:00:28,28602,26.65,1.37E-10,,,,,,
1,00:00:28,28602,26.7,1.85E-10,,,,,,
1,00:00:28,28602,26.75,2.15E-10,,,,,,
1,00:00:28,28602,26.8,2.34E-10,,,,,,
1,00:00:28,28602,26.85,2.50E-10,,,,,,
1,00:00:28,28602,26.9,2.58E-10,,,,,,
1,00:00:28,28602,26.95,2.64E-10,,,,,,
1,00:00:28,28602,27,2.62E-10,,,,,,
1,00:00:28,28602,27.05,2.55E-10,,,,,,
1,00:00:28,28602,27.1,2.43E-10,,,,,,
1,00:00:28,28602,27.15,2.40E-10,,,,,,
1,00:00:28,28602,27.2,2.32E-10,,,,,,
1,00:00:28,28602,27.25,2.10E-10,,,,,,
1,00:00:28,28602,27.3,1.81E-10,,,,,,
1,00:00:28,28602,27.35,1.52E-10,,,,,,
1,00:00:28,28602,27.4,9.88E-11,,,,,,
1,00:00:28,28602,27.45,5.51E-11,,,,,,
1,00:00:28,28602,27.5,1.22E-10,,,,,,
1,00:00:28,28602,27.55,4.77E-10,,,,,,
1,00:00:28,28602,27.6,1.87E-09,,,,,,
1,00:00:28,28602,27.65,2.72E-09,,,,,,
1,00:00:28,28602,27.7,3.28E-09,,,,,,
1,00:00:28,28602,27.75,3.62E-09,,,,,,
1,00:00:28,28602,27.8,3.84E-09,,,,,,
1,00:00:28,28602,27.85,4.00E-09,,,,,,
1,00:00:28,28602,27.9,4.15E-09,,,,,,
1,00:00:28,28602,27.95,4.10E-09,,,,,,
1,00:00:28,28602,28,3.99E-09,,,,,,
1,00:00:28,28602,28.05,3.84E-09,,,,,,
1,00:00:28,28602,28.1,3.70E-09,,,,,,
1,00:00:28,28602,28.15,3.61E-09,,,,,,
1,00:00:28,28602,28.2,3.35E-09,,,,,,
1,00:00:28,28602,28.25,2.92E-09,,,,,,
1,00:00:28,28602,28.3,2.43E-09,,,,,,
1,00:00:28,28602,28.35,1.75E-09,,,,,,
1,00:00:28,28602,28.4,5.17E-10,,,,,,
1,00:00:28,28602,28.45,2.48E-11,,,,,,
1,00:00:28,28602,28.5,2.84E-11,,,,,,
1,00:00:28,28602,28.55,9.51E-11,,,,,,
1,00:00:28,28602,28.6,3.37E-10,,,,,,
1,00:00:28,28602,28.65,5.19E-10,,,,,,
1,00:00:28,28602,28.7,6.42E-10,,,,,,
1,00:00:28,28602,28.75,7.23E-10,,,,,,
1,00:00:28,28602,28.8,7.87E-10,,,,,,
1,00:00:28,28602,28.85,8.24E-10,,,,,,
1,00:00:28,28602,28.9,8.57E-10,,,,,,
1,00:00:28,28602,28.95,8.53E-10,,,,,,
1,00:00:28,28602,29,8.37E-10,,,,,,
1,00:00:28,28602,29.05,8.05E-10,,,,,,
1,00:00:28,28602,29.1,7.66E-10,,,,,,
1,00:00:28,28602,29.15,7.56E-10,,,,,,
1,00:00:28,28602,29.2,7.14E-10,,,,,,
1,00:00:28,28602,29.25,6.22E-10,,,,,,
1,00:00:28,28602,29.3,5.16E-10,,,,,,
1,00:00:28,28602,29.35,3.87E-10,,,,,,
1,00:00:28,28602,29.4,1.47E-10,,,,,,
1,00:00:28,28602,29.45,2.20E-11,,,,,,
1,00:00:28,28602,29.5,2.32E-11,,,,,,
1,00:00:28,28602,29.55,1.18E-10,,,,,,
1,00:00:28,28602,29.6,3.45E-10,,,,,,
1,00:00:28,28602,29.65,4.83E-10,,,,,,
1,00:00:28,28602,29.7,5.72E-10,,,,,,
1,00:00:28,28602,29.75,6.29E-10,,,,,,
1,00:00:28,28602,29.8,6.73E-10,,,,,,
1,00:00:28,28602,29.85,7.07E-10,,,,,,
1,00:00:28,28602,29.9,7.27E-10,,,,,,
1,00:00:28,28602,29.95,7.19E-10,,,,,,
1,00:00:28,28602,30,7.00E-10,,,,,,
1,00:00:28,28602,30.05,6.75E-10,,,,,,
1,00:00:28,28602,30.1,6.48E-10,,,,,,
1,00:00:28,28602,30.15,6.36E-10,,,,,,
1,00:00:28,28602,30.2,5.90E-10,,,,,,
1,00:00:28,28602,30.25,5.18E-10,,,,,,
1,00:00:28,28602,30.3,4.24E-10,,,,,,
1,00:00:28,28602,30.35,3.18E-10,,,,,,
1,00:00:28,28602,30.4,1.16E-10,,,,,,
1,00:00:28,28602,30.45,7.15E-12,,,,,,
1,00:00:28,28602,30.5,2.74E-12,,,,,,
1,00:00:28,28602,30.55,1.06E-11,,,,,,
1,00:00:28,28602,30.6,3.58E-11,,,,,,
1,00:00:28,28602,30.65,5.40E-11,,,,,,
1,00:00:28,28602,30.7,6.58E-11,,,,,,
1,00:00:28,28602,30.75,7.32E-11,,,,,,
1,00:00:28,28602,30.8,7.92E-11,,,,,,
1,00:00:28,28602,30.85,8.22E-11,,,,,,
1,00:00:28,28602,30.9,8.59E-11,,,,,,
1,00:00:28,28602,30.95,8.48E-11,,,,,,
1,00:00:28,28602,31,8.38E-11,,,,,,
1,00:00:28,28602,31.05,8.02E-11,,,,,,
1,00:00:28,28602,31.1,7.82E-11,,,,,,
1,00:00:28,28602,31.15,7.60E-11,,,,,,
1,00:00:28,28602,31.2,7.12E-11,,,,,,
1,00:00:28,28602,31.25,6.25E-11,,,,,,
1,00:00:28,28602,31.3,5.25E-11,,,,,,
1,00:00:28,28602,31.35,4.29E-11,,,,,,
1,00:00:28,28602,31.4,2.06E-11,,,,,,
1,00:00:28,28602,31.45,4.17E-12,,,,,,
1,00:00:28,28602,31.5,3.25E-12,,,,,,
1,00:00:28,28602,31.55,2.28E-11,,,,,,
1,00:00:28,28602,31.6,4.20E-11,,,,,,
1,00:00:28,28602,31.65,5.60E-11,,,,,,
1,00:00:28,28602,31.7,6.32E-11,,,,,,
1,00:00:28,28602,31.75,7.02E-11,,,,,,
1,00:00:28,28602,31.8,7.29E-11,,,,,,
1,00:00:28,28602,31.85,7.54E-11,,,,,,
1,00:00:28,28602,31.9,7.97E-11,,,,,,
1,00:00:28,28602,31.95,7.83E-11,,,,,,
1,00:00:28,28602,32,7.53E-11,,,,,,
1,00:00:28,28602,32.05,7.26E-11,,,,,,
1,00:00:28,28602,32.1,6.88E-11,,,,,,
1,00:00:28,28602,32.15,6.80E-11,,,,,,
1,00:00:28,28602,32.2,6.15E-11,,,,,,
1,00:00:28,28602,32.25,5.57E-11,,,,,,
1,00:00:28,28602,32.3,4.33E-11,,,,,,
1,00:00:28,28602,32.35,2.86E-11,,,,,,
1,00:00:28,28602,32.4,1.14E-11,,,,,,
1,00:00:28,28602,32.45,1.18E-12,,,,,,
1,00:00:28,28602,32.5,6.18E-13,,,,,,
1,00:00:28,28602,32.55,1.37E-12,,,,,,
1,00:00:28,28602,32.6,4.60E-12,,,,,,
1,00:00:28,28602,32.65,5.83E-12,,,,,,
1,00:00:28,28602,32.7,7.39E-12,,,,,,
1,00:00:28,28602,32.75,8.12E-12,,,,,,
1,00:00:28,28602,32.8,8.52E-12,,,,,,
1,00:00:28,28602,32.85,9.27E-12,,,,,,
1,00:00:28,28602,32.9,8.95E-12,,,,,,
1,00:00:28,28602,32.95,9.19E-12,,,,,,
1,00:00:28,28602,33,9.81E-12,,,,,,
1,00:00:28,28602,33.05,9.35E-12,,,,,,
1,00:00:28,28602,33.1,8.36E-12,,,,,,
1,00:00:28,28602,33.15,9.11E-12,,,,,,
1,00:00:28,28602,33.2,7.96E-12,,,,,,
1,00:00:28,28602,33.25,6.99E-12,,,,,,
1,00:00:28,28602,33.3,6.48E-12,,,,,,
1,00:00:28,28602,33.35,4.65E-12,,,,,,
1,00:00:28,28602,33.4,2.42E-12,,,,,,
1,00:00:28,28602,33.45,9.41E-13,,,,,,
1,00:00:28,28602,33.5,6.45E-13,,,,,,
1,00:00:28,28602,33.55,1.67E-12,,,,,,
1,00:00:28,28602,33.6,3.01E-12,,,,,,
1,00:00:28,28602,33.65,3.23E-12,,,,,,
1,00:00:28,28602,33.7,3.44E-12,,,,,,
1,00:00:28,28602,33.75,4.27E-12,,,,,,
1,00:00:28,28602,33.8,4.46E-12,,,,,,
1,00:00:28,28602,33.85,5.00E-12,,,,,,
1,00:00:28,28602,33.9,4.62E-12,,,,,,
1,00:00:28,28602,33.95,4.33E-12,,,,,,
1,00:00:28,28602,34,4.57E-12,,,,,,
1,00:00:28,28602,34.05,4.22E-12,,,,,,
1,00:00:28,28602,34.1,4.09E-12,,,,,,
1,00:00:28,28602,34.15,3.57E-12,,,,,,
1,00:00:28,28602,34.2,3.31E-12,,,,,,
1,00:00:28,28602,34.25,2.77E-12,,,,,,
1,00:00:28,28602,34.3,2.42E-12,,,,,,
1,00:00:28,28602,34.35,1.75E-12,,,,,,
1,00:00:28,28602,34.4,4.84E-13,,,,,,
1,00:00:28,28602,34.45,1.88E-13,,,,,,
1,00:00:28,28602,34.5,5.64E-13,,,,,,
1,00:00:28,28602,34.55,1.32E-12,,,,,,
1,00:00:28,28602,34.6,1.75E-12,,,,,,
1,00:00:28,28602,34.65,2.55E-12,,,,,,
1,00:00:28,28602,34.7,2.10E-12,,,,,,
1,00:00:28,28602,34.75,2.50E-12,,,,,,
1,00:00:28,28602,34.8,3.31E-12,,,,,,
1,00:00:28,28602,34.85,2.63E-12,,,,,,
1,00:00:28,28602,34.9,2.58E-12,,,,,,
1,00:00:28,28602,34.95,2.55E-12,,,,,,
1,00:00:28,28602,35,2.47E-12,,,,,,
1,00:00:28,28602,35.05,2.18E-12,,,,,,
1,00:00:28,28602,35.1,2.42E-12,,,,,,
1,00:00:28,28602,35.15,2.10E-12,,,,,,
1,00:00:28,28602,35.2,2.34E-12,,,,,,
1,00:00:28,28602,35.25,1.75E-12,,,,,,
1,00:00:28,28602,35.3,1.21E-12,,,,,,
1,00:00:28,28602,35.35,8.06E-13,,,,,,
1,00:00:28,28602,35.4,4.03E-13,,,,,,
1,00:00:28,28602,35.45,9.14E-13,,,,,,
1,00:00:28,28602,35.5,4.78E-12,,,,,,
1,00:00:28,28602,35.55,1.10E-11,,,,,,
1,00:00:28,28602,35.6,1.38E-11,,,,,,
1,00:00:28,28602,35.65,1.70E-11,,,,,,
1,00:00:28,28602,35.7,1.85E-11,,,,,,
1,00:00:28,28602,35.75,2.02E-11,,,,,,
1,00:00:28,28602,35.8,2.02E-11,,,,,,
1,00:00:28,28602,35.85,2.09E-11,,,,,,
1,00:00:28,28602,35.9,1.98E-11,,,,,,
1,00:00:28,28602,35.95,2.06E-11,,,,,,
1,00:00:28,28602,36,1.94E-11,,,,,,
1,00:00:28,28602,36.05,1.88E-11,,,,,,
1,00:00:28,28602,36.1,1.86E-11,,,,,,
1,00:00:28,28602,36.15,1.83E-11,,,,,,
1,00:00:28,28602,36.2,1.65E-11,,,,,,
1,00:00:28,28602,36.25,1.30E-11,,,,,,
1,00:00:28,28602,36.3,1.17E-11,,,,,,
1,00:00:28,28602,36.35,6.32E-12,,,,,,
1,00:00:28,28602,36.4,2.04E-12,,,,,,
1,00:00:28,28602,36.45,2.96E-13,,,,,,
1,00:00:28,28602,36.5,1.72E-12,,,,,,
1,00:00:28,28602,36.55,4.84E-12,,,,,,
1,00:00:28,28602,36.6,7.01E-12,,,,,,
1,00:00:28,28602,36.65,9.08E-12,,,,,,
1,00:00:28,28602,36.7,1.06E-11,,,,,,
1,00:00:28,28602,36.75,1.20E-11,,,,,,
1,00:00:28,28602,36.8,1.20E-11,,,,,,
1,00:00:28,28602,36.85,1.22E-11,,,,,,
1,00:00:28,28602,36.9,1.26E-11,,,,,,
1,00:00:28,28602,36.95,1.29E-11,,,,,,
1,00:00:28,28602,37,1.21E-11,,,,,,
1,00:00:28,28602,37.05,1.21E-11,,,,,,
1,00:00:28,28602,37.1,1.23E-11,,,,,,
1,00:00:28,28602,37.15,1.11E-11,,,,,,
1,00:00:28,28602,37.2,1.01E-11,,,,,,
1,00:00:28,28602,37.25,9.51E-12,,,,,,
1,00:00:28,28602,37.3,8.36E-12,,,,,,
1,00:00:28,28602,37.35,6.29E-12,,,,,,
1,00:00:28,28602,37.4,2.37E-12,,,,,,
1,00:00:28,28602,37.45,1.18E-12,,,,,,
1,00:00:28,28602,37.5,4.14E-12,,,,,,
1,00:00:28,28602,37.55,1.03E-11,,,,,,
1,00:00:28,28602,37.6,1.37E-11,,,,,,
1,00:00:28,28602,37.65,1.76E-11,,,,,,
1,00:00:28,28602,37.7,2.01E-11,,,,,,
1,00:00:28,28602,37.75,2.17E-11,,,,,,
1,00:00:28,28602,37.8,2.27E-11,,,,,,
1,00:00:28,28602,37.85,2.28E-11,,,,,,
1,00:00:28,28602,37.9,2.44E-11,,,,,,
1,00:00:28,28602,37.95,2.35E-11,,,,,,
1,00:00:28,28602,38,2.41E-11,,,,,,
1,00:00:28,28602,38.05,2.25E-11,,,,,,
1,00:00:28,28602,38.1,2.17E-11,,,,,,
1,00:00:28,28602,38.15,2.26E-11,,,,,,
1,00:00:28,28602,38.2,2.01E-11,,,,,,
1,00:00:28,28602,38.25,1.83E-11,,,,,,
1,00:00:28,28602,38.3,1.51E-11,,,,,,
1,00:00:28,28602,38.35,1.16E-11,,,,,,
1,00:00:28,28602,38.4,5.99E-12,,,,,,
1,00:00:28,28602,38.45,4.73E-12,,,,,,
1,00:00:28,28602,38.5,1.09E-11,,,,,,
1,00:00:28,28602,38.55,3.82E-11,,,,,,
1,00:00:28,28602,38.6,5.78E-11,,,,,,
1,00:00:28,28602,38.65,7.48E-11,,,,,,
1,00:00:28,28602,38.7,8.54E-11,,,,,,
1,00:00:28,28602,38.75,9.19E-11,,,,,,
1,00:00:28,28602,38.8,9.84E-11,,,,,,
1,00:00:28,28602,38.85,1.01E-10,,,,,,
1,00:00:28,28602,38.9,1.05E-10,,,,,,
1,00:00:28,28602,38.95,1.06E-10,,,,,,
1,00:00:28,28602,39,1.01E-10,,,,,,
1,00:00:28,28602,39.05,9.79E-11,,,,,,
1,00:00:28,28602,39.1,9.46E-11,,,,,,
1,00:00:28,28602,39.15,9.39E-11,,,,,,
1,00:00:28,28602,39.2,8.93E-11,,,,,,
1,00:00:28,28602,39.25,7.76E-11,,,,,,
1,00:00:28,28602,39.3,6.50E-11,,,,,,
1,00:00:28,28602,39.35,5.13E-11,,,,,,
1,00:00:28,28602,39.4,2.77E-11,,,,,,
1,00:00:28,28602,39.45,8.39E-12,,,,,,
1,00:00:28,28602,39.5,5.51E-12,,,,,,
1,00:00:28,28602,39.55,1.61E-11,,,,,,
1,00:00:28,28602,39.6,2.37E-11,,,,,,
1,00:00:28,28602,39.65,2.94E-11,,,,,,
1,00:00:28,28602,39.7,3.23E-11,,,,,,
1,00:00:28,28602,39.75,3.58E-11,,,,,,
1,00:00:28,28602,39.8,3.64E-11,,,,,,
1,00:00:28,28602,39.85,3.92E-11,,,,,,
1,00:00:28,28602,39.9,4.07E-11,,,,,,
1,00:00:28,28602,39.95,3.82E-11,,,,,,
1,00:00:28,28602,40,3.88E-11,,,,,,
1,00:00:28,28602,40.05,3.65E-11,,,,,,
1,00:00:28,28602,40.1,3.47E-11,,,,,,
1,00:00:28,28602,40.15,3.47E-11,,,,,,
1,00:00:28,28602,40.2,3.35E-11,,,,,,
1,00:00:28,28602,40.25,3.09E-11,,,,,,
1,00:00:28,28602,40.3,2.67E-11,,,,,,
1,00:00:28,28602,40.35,2.17E-11,,,,,,
1,00:00:28,28602,40.4,1.33E-11,,,,,,
1,00:00:28,28602,40.45,9.97E-12,,,,,,
1,00:00:28,28602,40.5,2.27E-11,,,,,,
1,00:00:28,28602,40.55,7.88E-11,,,,,,
1,00:00:28,28602,40.6,1.23E-10,,,,,,
1,00:00:28,28602,40.65,1.52E-10,,,,,,
1,00:00:28,28602,40.7,1.74E-10,,,,,,
1,00:00:28,28602,40.75,1.89E-10,,,,,,
1,00:00:28,28602,40.8,1.98E-10,,,,,,
1,00:00:28,28602,40.85,2.08E-10,,,,,,
1,00:00:28,28602,40.9,2.14E-10,,,,,,
1,00:00:28,28602,40.95,2.14E-10,,,,,,
1,00:00:28,28602,41,2.09E-10,,,,,,
1,00:00:28,28602,41.05,2.04E-10,,,,,,
1,00:00:28,28602,41.1,1.95E-10,,,,,,
1,00:00:28,28602,41.15,1.93E-10,,,,,,
1,00:00:28,28602,41.2,1.81E-10,,,,,,
1,00:00:28,28602,41.25,1.64E-10,,,,,,
1,00:00:28,28602,41.3,1.43E-10,,,,,,
1,00:00:28,28602,41.35,1.14E-10,,,,,,
1,00:00:28,28602,41.4,6.67E-11,,,,,,
1,00:00:28,28602,41.45,2.96E-11,,,,,,
1,00:00:28,28602,41.5,3.55E-11,,,,,,
1,00:00:28,28602,41.55,7.83E-11,,,,,,
1,00:00:28,28602,41.6,1.08E-10,,,,,,
1,00:00:28,28602,41.65,1.28E-10,,,,,,
1,00:00:28,28602,41.7,1.44E-10,,,,,,
1,00:00:28,28602,41.75,1.55E-10,,,,,,
1,00:00:28,28602,41.8,1.61E-10,,,,,,
1,00:00:28,28602,41.85,1.68E-10,,,,,,
1,00:00:28,28602,41.9,1.71E-10,,,,,,
1,00:00:28,28602,41.95,1.73E-10,,,,,,
1,00:00:28,28602,42,1.67E-10,,,,,,
1,00:00:28,28602,42.05,1.61E-10,,,,,,
1,00:00:28,28602,42.1,1.57E-10,,,,,,
1,00:00:28,28602,42.15,1.52E-10,,,,,,
1,00:00:28,28602,42.2,1.44E-10,,,,,,
1,00:00:28,28602,42.25,1.30E-10,,,,,,
1,00:00:28,28602,42.3,1.10E-10,,,,,,
1,00:00:28,28602,42.35,8.66E-11,,,,,,
1,00:00:28,28602,42.4,5.32E-11,,,,,,
1,00:00:28,28602,42.45,3.09E-11,,,,,,
1,00:00:28,28602,42.5,9.77E-11,,,,,,
1,00:00:28,28602,42.55,2.00E-10,,,,,,
1,00:00:28,28602,42.6,2.71E-10,,,,,,
1,00:00:28,28602,42.65,3.36E-10,,,,,,
1,00:00:28,28602,42.7,3.68E-10,,,,,,
1,00:00:28,28602,42.75,4.01E-10,,,,,,
1,00:00:28,28602,42.8,4.21E-10,,,,,,
1,00:00:28,28602,42.85,4.43E-10,,,,,,
1,00:00:28,28602,42.9,4.49E-10,,,,,,
1,00:00:28,28602,42.95,4.51E-10,,,,,,
1,00:00:28,28602,43,4.47E-10,,,,,,
1,00:00:28,28602,43.05,4.37E-10,,,,,,
1,00:00:28,28602,43.1,4.39E-10,,,,,,
1,00:00:28,28602,43.15,4.33E-10,,,,,,
1,00:00:28,28602,43.2,4.30E-10,,,,,,
1,00:00:28,28602,43.25,4.07E-10,,,,,,
1,00:00:28,28602,43.3,3.90E-10,,,,,,
1,00:00:28,28602,43.35,4.10E-10,,,,,,
1,00:00:28,28602,43.4,4.89E-10,,,,,,
1,00:00:28,28602,43.45,2.32E-09,,,,,,
1,00:00:28,28602,43.5,5.87E-09,,,,,,
1,00:00:28,28602,43.55,8.13E-09,,,,,,
1,00:00:28,28602,43.6,9.83E-09,,,,,,
1,00:00:28,28602,43.65,1.09E-08,,,,,,
1,00:00:28,28602,43.7,1.17E-08,,,,,,
1,00:00:28,28602,43.75,1.23E-08,,,,,,
1,00:00:28,28602,43.8,1.27E-08,,,,,,
1,00:00:28,28602,43.85,1.29E-08,,,,,,
1,00:00:28,28602,43.9,1.29E-08,,,,,,
1,00:00:28,28602,43.95,1.26E-08,,,,,,
1,00:00:28,28602,44,1.21E-08,,,,,,
1,00:00:28,28602,44.05,1.16E-08,,,,,,
1,00:00:28,28602,44.1,1.15E-08,,,,,,
1,00:00:28,28602,44.15,1.10E-08,,,,,,
1,00:00:28,28602,44.2,1.00E-08,,,,,,
1,00:00:28,28602,44.25,8.72E-09,,,,,,
1,00:00:28,28602,44.3,7.20E-09,,,,,,
1,00:00:28,28602,44.35,4.39E-09,,,,,,
1,00:00:28,28602,44.4,1.96E-09,,,,,,
1,00:00:28,28602,44.45,2.98E-10,,,,,,
1,00:00:28,28602,44.5,2.40E-10,,,,,,
1,00:00:28,28602,44.55,3.47E-10,,,,,,
1,00:00:28,28602,44.6,4.27E-10,,,,,,
1,00:00:28,28602,44.65,4.71E-10,,,,,,
1,00:00:28,28602,44.7,5.10E-10,,,,,,
1,00:00:28,28602,44.75,5.41E-10,,,,,,
1,00:00:28,28602,44.8,5.63E-10,,,,,,
1,00:00:28,28602,44.85,5.73E-10,,,,,,
1,00:00:28,28602,44.9,5.79E-10,,,,,,
1,00:00:28,28602,44.95,5.65E-10,,,,,,
1,00:00:28,28602,45,5.48E-10,,,,,,
1,00:00:28,28602,45.05,5.22E-10,,,,,,
1,00:00:28,28602,45.1,5.14E-10,,,,,,
1,00:00:28,28602,45.15,4.95E-10,,,,,,
1,00:00:28,28602,45.2,4.58E-10,,,,,,
1,00:00:28,28602,45.25,3.96E-10,,,,,,
1,00:00:28,28602,45.3,3.29E-10,,,,,,
1,00:00:28,28602,45.35,2.19E-10,,,,,,
1,00:00:28,28602,45.4,1.07E-10,,,,,,
1,00:00:28,28602,45.45,6.26E-11,,,,,,
1,00:00:28,28602,45.5,1.15E-10,,,,,,
1,00:00:28,28602,45.55,1.62E-10,,,,,,
1,00:00:28,28602,45.6,1.97E-10,,,,,,
1,00:00:28,28602,45.65,2.19E-10,,,,,,
1,00:00:28,28602,45.7,2.34E-10,,,,,,
1,00:00:28,28602,45.75,2.45E-10,,,,,,
1,00:00:28,28602,45.8,2.58E-10,,,,,,
1,00:00:28,28602,45.85,2.61E-10,,,,,,
1,00:00:28,28602,45.9,2.61E-10,,,,,,
1,00:00:28,28602,45.95,2.55E-10,,,,,,
1,00:00:28,28602,46,2.48E-10,,,,,,
1,00:00:28,28602,46.05,2.39E-10,,,,,,
1,00:00:28,28602,46.1,2.32E-10,,,,,,
1,00:00:28,28602,46.15,2.26E-10,,,,,,
1,00:00:28,28602,46.2,2.09E-10,,,,,,
1,00:00:28,28602,46.25,1.82E-10,,,,,,
1,00:00:28,28602,46.3,1.53E-10,,,,,,
1,00:00:28,28602,46.35,1.06E-10,,,,,,
1,00:00:28,28602,46.4,4.95E-11,,,,,,
1,00:00:28,28602,46.45,1.42E-11,,,,,,
1,00:00:28,28602,46.5,6.29E-12,,,,,,
1,00:00:28,28602,46.55,7.66E-12,,,,,,
1,00:00:28,28602,46.6,9.22E-12,,,,,,
1,00:00:28,28602,46.65,1.11E-11,,,,,,
1,00:00:28,28602,46.7,1.16E-11,,,,,,
1,00:00:28,28602,46.75,1.31E-11,,,,,,
1,00:00:28,28602,46.8,1.32E-11,,,,,,
1,00:00:28,28602,46.85,1.33E-11,,,,,,
1,00:00:28,28602,46.9,1.35E-11,,,,,,
1,00:00:28,28602,46.95,1.28E-11,,,,,,
1,00:00:28,28602,47,1.28E-11,,,,,,
1,00:00:28,28602,47.05,1.17E-11,,,,,,
1,00:00:28,28602,47.1,1.22E-11,,,,,,
1,00:00:28,28602,47.15,1.18E-11,,,,,,
1,00:00:28,28602,47.2,1.10E-11,,,,,,
1,00:00:28,28602,47.25,9.14E-12,,,,,,
1,00:00:28,28602,47.3,7.87E-12,,,,,,
1,00:00:28,28602,47.35,6.24E-12,,,,,,
1,00:00:28,28602,47.4,4.68E-12,,,,,,
1,00:00:28,28602,47.45,7.23E-12,,,,,,
1,00:00:28,28602,47.5,9.11E-12,,,,,,
1,00:00:28,28602,47.55,1.09E-11,,,,,,
1,00:00:28,28602,47.6,1.34E-11,,,,,,
1,00:00:28,28602,47.65,1.41E-11,,,,,,
1,00:00:28,28602,47.7,1.51E-11,,,,,,
1,00:00:28,28602,47.75,1.50E-11,,,,,,
1,00:00:28,28602,47.8,1.69E-11,,,,,,
1,00:00:28,28602,47.85,1.55E-11,,,,,,
1,00:00:28,28602,47.9,1.62E-11,,,,,,
1,00:00:28,28602,47.95,1.53E-11,,,,,,
1,00:00:28,28602,48,1.45E-11,,,,,,
1,00:00:28,28602,48.05,1.51E-11,,,,,,
1,00:00:28,28602,48.1,1.48E-11,,,,,,
1,00:00:28,28602,48.15,1.28E-11,,,,,,
1,00:00:28,28602,48.2,1.24E-11,,,,,,
1,00:00:28,28602,48.25,9.89E-12,,,,,,
1,00:00:28,28602,48.3,7.82E-12,,,,,,
1,00:00:28,28602,48.35,4.25E-12,,,,,,
1,00:00:28,28602,48.4,1.88E-12,,,,,,
1,00:00:28,28602,48.45,7.53E-13,,,,,,
1,00:00:28,28602,48.5,1.59E-12,,,,,,
1,00:00:28,28602,48.55,2.12E-12,,,,,,
1,00:00:28,28602,48.6,2.20E-12,,,,,,
1,00:00:28,28602,48.65,2.58E-12,,,,,,
1,00:00:28,28602,48.7,2.58E-12,,,,,,
1,00:00:28,28602,48.75,2.80E-12,,,,,,
1,00:00:28,28602,48.8,2.85E-12,,,,,,
1,00:00:28,28602,48.85,3.12E-12,,,,,,
1,00:00:28,28602,48.9,2.74E-12,,,,,,
1,00:00:28,28602,48.95,2.93E-12,,,,,,
1,00:00:28,28602,49,2.58E-12,,,,,,
1,00:00:28,28602,49.05,3.44E-12,,,,,,
1,00:00:28,28602,49.1,2.77E-12,,,,,,
1,00:00:28,28602,49.15,2.58E-12,,,,,,
1,00:00:28,28602,49.2,2.77E-12,,,,,,
1,00:00:28,28602,49.25,2.15E-12,,,,,,
1,00:00:28,28602,49.3,2.23E-12,,,,,,
1,00:00:28,28602,49.35,1.59E-12,,,,,,
1,00:00:28,28602,49.4,1.42E-12,,,,,,
1,00:00:28,28602,49.45,3.74E-12,,,,,,
1,00:00:28,28602,49.5,6.07E-12,,,,,,
1,00:00:28,28602,49.55,8.36E-12,,,,,,
1,00:00:28,28602,49.6,9.84E-12,,,,,,
1,00:00:28,28602,49.65,1.14E-11,,,,,,
1,00:00:28,28602,49.7,1.16E-11,,,,,,
1,00:00:28,28602,49.75,1.27E-11,,,,,,
1,00:00:28,28602,49.8,1.37E-11,,,,,,
1,00:00:28,28602,49.85,1.24E-11,,,,,,
1,00:00:28,28602,49.9,1.35E-11,,,,,,
1,00:00:28,28602,49.95,1.41E-11,,,,,,
1,00:00:28,28602,50,1.26E-11,,,,,,
1,00:00:28,28602,50.05,1.17E-11,,,,,,
1,00:00:28,28602,50.1,1.27E-11,,,,,,
1,00:00:28,28602,50.15,1.15E-11,,,,,,
1,00:00:28,28602,50.2,1.10E-11,,,,,,
1,00:00:28,28602,50.25,9.65E-12,,,,,,
1,00:00:28,28602,50.3,7.90E-12,,,,,,
1,00:00:28,28602,50.35,6.32E-12,,,,,,
1,00:00:28,28602,50.4,3.36E-12,,,,,,
1,00:00:28,28602,50.45,4.43E-12,,,,,,
1,00:00:28,28602,50.5,6.69E-12,,,,,,
1,00:00:28,28602,50.55,8.95E-12,,,,,,
1,00:00:28,28602,50.6,1.03E-11,,,,,,
1,00:00:28,28602,50.65,1.16E-11,,,,,,
1,00:00:28,28602,50.7,1.32E-11,,,,,,
1,00:00:28,28602,50.75,1.34E-11,,,,,,
1,00:00:28,28602,50.8,1.45E-11,,,,,,
1,00:00:28,28602,50.85,1.44E-11,,,,,,
1,00:00:28,28602,50.9,1.46E-11,,,,,,
1,00:00:28,28602,50.95,1.40E-11,,,,,,
1,00:00:28,28602,51,1.46E-11,,,,,,
1,00:00:28,28602,51.05,1.32E-11,,,,,,
1,00:00:28,28602,51.1,1.30E-11,,,,,,
1,00:00:28,28602,51.15,1.37E-11,,,,,,
1,00:00:28,28602,51.2,1.19E-11,,,,,,
1,00:00:28,28602,51.25,1.14E-11,,,,,,
1,00:00:28,28602,51.3,8.90E-12,,,,,,
1,00:00:28,28602,51.35,7.44E-12,,,,,,
1,00:00:28,28602,51.4,4.57E-12,,,,,,
1,00:00:28,28602,51.45,3.66E-12,,,,,,
1,00:00:28,28602,51.5,3.92E-12,,,,,,
1,00:00:28,28602,51.55,5.40E-12,,,,,,
1,00:00:28,28602,51.6,6.10E-12,,,,,,
1,00:00:28,28602,51.65,7.23E-12,,,,,,
1,00:00:28,28602,51.7,8.01E-12,,,,,,
1,00:00:28,28602,51.75,8.68E-12,,,,,,
1,00:00:28,28602,51.8,8.36E-12,,,,,,
1,00:00:28,28602,51.85,8.60E-12,,,,,,
1,00:00:28,28602,51.9,8.82E-12,,,,,,
1,00:00:28,28602,51.95,8.60E-12,,,,,,
1,00:00:28,28602,52,8.22E-12,,,,,,
1,00:00:28,28602,52.05,8.20E-12,,,,,,
1,00:00:28,28602,52.1,8.73E-12,,,,,,
1,00:00:28,28602,52.15,7.71E-12,,,,,,
1,00:00:28,28602,52.2,7.90E-12,,,,,,
1,00:00:28,28602,52.25,6.80E-12,,,,,,
1,00:00:28,28602,52.3,6.29E-12,,,,,,
1,00:00:28,28602,52.35,4.60E-12,,,,,,
1,00:00:28,28602,52.4,3.63E-12,,,,,,
1,00:00:28,28602,52.45,5.70E-12,,,,,,
1,00:00:28,28602,52.5,9.76E-12,,,,,,
1,00:00:28,28602,52.55,1.30E-11,,,,,,
1,00:00:28,28602,52.6,1.53E-11,,,,,,
1,00:00:28,28602,52.65,1.71E-11,,,,,,
1,00:00:28,28602,52.7,1.84E-11,,,,,,
1,00:00:28,28602,52.75,1.99E-11,,,,,,
1,00:00:28,28602,52.8,2.05E-11,,,,,,
1,00:00:28,28602,52.85,2.05E-11,,,,,,
1,00:00:28,28602,52.9,1.99E-11,,,,,,
1,00:00:28,28602,52.95,1.97E-11,,,,,,
1,00:00:28,28602,53,2.00E-11,,,,,,
1,00:00:28,28602,53.05,1.96E-11,,,,,,
1,00:00:28,28602,53.1,1.93E-11,,,,,,
1,00:00:28,28602,53.15,1.79E-11,,,,,,
1,00:00:28,28602,53.2,1.73E-11,,,,,,
1,00:00:28,28602,53.25,1.62E-11,,,,,,
1,00:00:28,28602,53.3,1.33E-11,,,,,,
1,00:00:28,28602,53.35,1.10E-11,,,,,,
1,00:00:28,28602,53.4,7.39E-12,,,,,,
1,00:00:28,28602,53.45,6.05E-12,,,,,,
1,00:00:28,28602,53.5,8.57E-12,,,,,,
1,00:00:28,28602,53.55,9.89E-12,,,,,,
1,00:00:28,28602,53.6,1.25E-11,,,,,,
1,00:00:28,28602,53.65,1.39E-11,,,,,,
1,00:00:28,28602,53.7,1.47E-11,,,,,,
1,00:00:28,28602,53.75,1.65E-11,,,,,,
1,00:00:28,28602,53.8,1.61E-11,,,,,,
1,00:00:28,28602,53.85,1.65E-11,,,,,,
1,00:00:28,28602,53.9,1.69E-11,,,,,,
1,00:00:28,28602,53.95,1.66E-11,,,,,,
1,00:00:28,28602,54,1.49E-11,,,,,,
1,00:00:28,28602,54.05,1.62E-11,,,,,,
1,00:00:28,28602,54.1,1.57E-11,,,,,,
1,00:00:28,28602,54.15,1.47E-11,,,,,,
1,00:00:28,28602,54.2,1.39E-11,,,,,,
1,00:00:28,28602,54.25,1.32E-11,,,,,,
1,00:00:28,28602,54.3,1.15E-11,,,,,,
1,00:00:28,28602,54.35,1.15E-11,,,,,,
1,00:00:28,28602,54.4,1.06E-11,,,,,,
1,00:00:28,28602,54.45,2.42E-11,,,,,,
1,00:00:28,28602,54.5,4.31E-11,,,,,,
1,00:00:28,28602,54.55,5.81E-11,,,,,,
1,00:00:28,28602,54.6,6.81E-11,,,,,,
1,00:00:28,28602,54.65,7.57E-11,,,,,,
1,00:00:28,28602,54.7,8.13E-11,,,,,,
1,00:00:28,28602,54.75,8.67E-11,,,,,,
1,00:00:28,28602,54.8,9.03E-11,,,,,,
1,00:00:28,28602,54.85,8.85E-11,,,,,,
1,00:00:28,28602,54.9,9.25E-11,,,,,,
1,00:00:28,28602,54.95,9.04E-11,,,,,,
1,00:00:28,28602,55,8.94E-11,,,,,,
1,00:00:28,28602,55.05,8.61E-11,,,,,,
1,00:00:28,28602,55.1,8.33E-11,,,,,,
1,00:00:28,28602,55.15,8.21E-11,,,,,,
1,00:00:28,28602,55.2,7.80E-11,,,,,,
1,00:00:28,28602,55.25,7.16E-11,,,,,,
1,00:00:28,28602,55.3,6.15E-11,,,,,,
1,00:00:28,28602,55.35,4.97E-11,,,,,,
1,00:00:28,28602,55.4,3.60E-11,,,,,,
1,00:00:28,28602,55.45,3.13E-11,,,,,,
1,00:00:28,28602,55.5,3.53E-11,,,,,,
1,00:00:28,28602,55.55,4.50E-11,,,,,,
1,00:00:28,28602,55.6,5.26E-11,,,,,,
1,00:00:28,28602,55.65,6.06E-11,,,,,,
1,00:00:28,28602,55.7,6.44E-11,,,,,,
1,00:00:28,28602,55.75,6.86E-11,,,,,,
1,00:00:28,28602,55.8,7.28E-11,,,,,,
1,00:00:28,28602,55.85,7.22E-11,,,,,,
1,00:00:28,28602,55.9,7.25E-11,,,,,,
1,00:00:28,28602,55.95,7.16E-11,,,,,,
1,00:00:28,28602,56,7.09E-11,,,,,,
1,00:00:28,28602,56.05,6.70E-11,,,,,,
1,00:00:28,28602,56.1,6.57E-11,,,,,,
1,00:00:28,28602,56.15,6.48E-11,,,,,,
1,00:00:28,28602,56.2,6.33E-11,,,,,,
1,00:00:28,28602,56.25,5.72E-11,,,,,,
1,00:00:28,28602,56.3,5.06E-11,,,,,,
1,00:00:28,28602,56.35,4.33E-11,,,,,,
1,00:00:28,28602,56.4,3.27E-11,,,,,,
1,00:00:28,28602,56.45,3.43E-11,,,,,,
1,00:00:28,28602,56.5,4.39E-11,,,,,,
1,00:00:28,28602,56.55,5.21E-11,,,,,,
1,00:00:28,28602,56.6,6.18E-11,,,,,,
1,00:00:28,28602,56.65,6.93E-11,,,,,,
1,00:00:28,28602,56.7,7.46E-11,,,,,,
1,00:00:28,28602,56.75,7.74E-11,,,,,,
1,00:00:28,28602,56.8,8.20E-11,,,,,,
1,00:00:28,28602,56.85,8.31E-11,,,,,,
1,00:00:28,28602,56.9,8.46E-11,,,,,,
1,00:00:28,28602,56.95,8.54E-11,,,,,,
1,00:00:28,28602,57,8.33E-11,,,,,,
1,00:00:28,28602,57.05,7.79E-11,,,,,,
1,00:00:28,28602,57.1,7.80E-11,,,,,,
1,00:00:28,28602,57.15,7.54E-11,,,,,,
1,00:00:28,28602,57.2,7.28E-11,,,,,,
1,00:00:28,28602,57.25,6.66E-11,,,,,,
1,00:00:28,28602,57.3,6.08E-11,,,,,,
1,00:00:28,28602,57.35,5.13E-11,,,,,,
1,00:00:28,28602,57.4,4.13E-11,,,,,,
1,00:00:28,28602,57.45,3.26E-11,,,,,,
1,00:00:28,28602,57.5,2.85E-11,,,,,,
1,00:00:28,28602,57.55,2.58E-11,,,,,,
1,00:00:28,28602,57.6,2.84E-11,,,,,,
1,00:00:28,28602,57.65,3.21E-11,,,,,,
1,00:00:28,28602,57.7,3.42E-11,,,,,,
1,00:00:28,28602,57.75,3.53E-11,,,,,,
1,00:00:28,28602,57.8,3.65E-11,,,,,,
1,00:00:28,28602,57.85,3.62E-11,,,,,,
1,00:00:28,28602,57.9,3.60E-11,,,,,,
1,00:00:28,28602,57.95,3.61E-11,,,,,,
1,00:00:28,28602,58,3.54E-11,,,,,,
1,00:00:28,28602,58.05,3.34E-11,,,,,,
1,00:00:28,28602,58.1,3.36E-11,,,,,,
1,00:00:28,28602,58.15,3.21E-11,,,,,,
1,00:00:28,28602,58.2,3.10E-11,,,,,,
1,00:00:28,28602,58.25,2.72E-11,,,,,,
1,00:00:28,28602,58.3,2.47E-11,,,,,,
1,00:00:28,28602,58.35,2.06E-11,,,,,,
1,00:00:28,28602,58.4,1.41E-11,,,,,,
1,00:00:28,28602,58.45,1.16E-11,,,,,,
1,00:00:28,28602,58.5,8.71E-12,,,,,,
1,00:00:28,28602,58.55,8.98E-12,,,,,,
1,00:00:28,28602,58.6,1.08E-11,,,,,,
1,00:00:28,28602,58.65,1.16E-11,,,,,,
1,00:00:28,28602,58.7,1.21E-11,,,,,,
1,00:00:28,28602,58.75,1.28E-11,,,,,,
1,00:00:28,28602,58.8,1.37E-11,,,,,,
1,00:00:28,28602,58.85,1.37E-11,,,,,,
1,00:00:28,28602,58.9,1.34E-11,,,,,,
1,00:00:28,28602,58.95,1.38E-11,,,,,,
1,00:00:28,28602,59,1.40E-11,,,,,,
1,00:00:28,28602,59.05,1.28E-11,,,,,,
1,00:00:28,28602,59.1,1.35E-11,,,,,,
1,00:00:28,28602,59.15,1.21E-11,,,,,,
1,00:00:28,28602,59.2,1.30E-11,,,,,,
1,00:00:28,28602,59.25,1.17E-11,,,,,,
1,00:00:28,28602,59.3,1.21E-11,,,,,,
1,00:00:28,28602,59.35,1.32E-11,,,,,,
1,00:00:28,28602,59.4,3.99E-11,,,,,,
1,00:00:28,28602,59.45,6.96E-11,,,,,,
1,00:00:28,28602,59.5,8.97E-11,,,,,,
1,00:00:28,28602,59.55,1.07E-10,,,,,,
1,00:00:28,28602,59.6,1.20E-10,,,,,,
1,00:00:28,28602,59.65,1.30E-10,,,,,,
1,00:00:28,28602,59.7,1.38E-10,,,,,,
1,00:00:28,28602,59.75,1.44E-10,,,,,,
1,00:00:28,28602,59.8,1.42E-10,,,,,,
1,00:00:28,28602,59.85,1.44E-10,,,,,,
1,00:00:28,28602,59.9,1.42E-10,,,,,,
1,00:00:28,28602,59.95,1.41E-10,,,,,,
1,00:00:28,28602,60,1.35E-10,,,,,,
1,00:00:28,28602,60.05,1.33E-10,,,,,,
1,00:00:28,28602,60.1,1.31E-10,,,,,,
1,00:00:28,28602,60.15,1.23E-10,,,,,,
1,00:00:28,28602,60.2,1.18E-10,,,,,,
1,00:00:28,28602,60.25,1.07E-10,,,,,,
1,00:00:28,28602,60.3,9.16E-11,,,,,,
1,00:00:28,28602,60.35,7.12E-11,,,,,,
1,00:00:28,28602,60.4,4.64E-11,,,,,,
1,00:00:28,28602,60.45,2.44E-11,,,,,,
1,00:00:28,28602,60.5,8.68E-12,,,,,,
1,00:00:28,28602,60.55,6.21E-12,,,,,,
1,00:00:28,28602,60.6,7.28E-12,,,,,,
1,00:00:28,28602,60.65,7.71E-12,,,,,,
1,00:00:28,28602,60.7,8.30E-12,,,,,,
1,00:00:28,28602,60.75,8.25E-12,,,,,,
1,00:00:28,28602,60.8,8.49E-12,,,,,,
1,00:00:28,28602,60.85,8.57E-12,,,,,,
1,00:00:28,28602,60.9,8.52E-12,,,,,,
1,00:00:28,28602,60.95,8.01E-12,,,,,,
1,00:00:28,28602,61,8.30E-12,,,,,,
1,00:00:28,28602,61.05,7.55E-12,,,,,,
1,00:00:28,28602,61.1,7.63E-12,,,,,,
1,00:00:28,28602,61.15,7.18E-12,,,,,,
1,00:00:28,28602,61.2,7.36E-12,,,,,,
1,00:00:28,28602,61.25,6.37E-12,,,,,,
1,00:00:28,28602,61.3,5.91E-12,,,,,,
1,00:00:28,28602,61.35,4.41E-12,,,,,,
1,00:00:28,28602,61.4,3.87E-12,,,,,,
1,00:00:28,28602,61.45,3.25E-12,,,,,,
1,00:00:28,28602,61.5,2.63E-12,,,,,,
1,00:00:28,28602,61.55,2.90E-12,,,,,,
1,00:00:28,28602,61.6,3.31E-12,,,,,,
1,00:00:28,28602,61.65,3.71E-12,,,,,,
1,00:00:28,28602,61.7,3.71E-12,,,,,,
1,00:00:28,28602,61.75,3.76E-12,,,,,,
1,00:00:28,28602,61.8,3.87E-12,,,,,,
1,00:00:28,28602,61.85,4.19E-12,,,,,,
1,00:00:28,28602,61.9,3.92E-12,,,,,,
1,00:00:28,28602,61.95,3.68E-12,,,,,,
1,00:00:28,28602,62,3.92E-12,,,,,,
1,00:00:28,28602,62.05,3.87E-12,,,,,,
1,00:00:28,28602,62.1,3.66E-12,,,,,,
1,00:00:28,28602,62.15,3.28E-12,,,,,,
1,00:00:28,28602,62.2,2.85E-12,,,,,,
1,00:00:28,28602,62.25,3.33E-12,,,,,,
1,00:00:28,28602,62.3,2.61E-12,,,,,,
1,00:00:28,28602,62.35,2.15E-12,,,,,,
1,00:00:28,28602,62.4,2.12E-12,,,,,,
1,00:00:28,28602,62.45,2.47E-12,,,,,,
1,00:00:28,28602,62.5,2.66E-12,,,,,,
1,00:00:28,28602,62.55,2.96E-12,,,,,,
1,00:00:28,28602,62.6,3.06E-12,,,,,,
1,00:00:28,28602,62.65,3.66E-12,,,,,,
1,00:00:28,28602,62.7,3.57E-12,,,,,,
1,00:00:28,28602,62.75,3.98E-12,,,,,,
1,00:00:28,28602,62.8,3.92E-12,,,,,,
1,00:00:28,28602,62.85,3.90E-12,,,,,,
1,00:00:28,28602,62.9,3.82E-12,,,,,,
1,00:00:28,28602,62.95,3.82E-12,,,,,,
1,00:00:28,28602,63,3.95E-12,,,,,,
1,00:00:28,28602,63.05,3.90E-12,,,,,,
1,00:00:28,28602,63.1,3.82E-12,,,,,,
1,00:00:28,28602,63.15,3.60E-12,,,,,,
1,00:00:28,28602,63.2,4.03E-12,,,,,,
1,00:00:28,28602,63.25,3.68E-12,,,,,,
1,00:00:28,28602,63.3,7.82E-12,,,,,,
1,00:00:28,28602,63.35,1.35E-11,,,,,,
1,00:00:28,28602,63.4,1.88E-11,,,,,,
1,00:00:28,28602,63.45,2.28E-11,,,,,,
1,00:00:28,28602,63.5,2.67E-11,,,,,,
1,00:00:28,28602,63.55,2.92E-11,,,,,,
1,00:00:28,28602,63.6,3.07E-11,,,,,,
1,00:00:28,28602,63.65,3.16E-11,,,,,,
1,00:00:28,28602,63.7,3.34E-11,,,,,,
1,00:00:28,28602,63.75,3.39E-11,,,,,,
1,00:00:28,28602,63.8,3.45E-11,,,,,,
1,00:00:28,28602,63.85,3.50E-11,,,,,,
1,00:00:28,28602,63.9,3.25E-11,,,,,,
1,00:00:28,28602,63.95,3.23E-11,,,,,,
1,00:00:28,28602,64,3.10E-11,,,,,,
1,00:00:28,28602,64.05,3.07E-11,,,,,,
1,00:00:28,28602,64.1,2.91E-11,,,,,,
1,00:00:28,28602,64.15,2.75E-11,,,,,,
1,00:00:28,28602,64.2,2.42E-11,,,,,,
1,00:00:28,28602,64.25,2.14E-11,,,,,,
1,00:00:28,28602,64.3,1.53E-11,,,,,,
1,00:00:28,28602,64.35,1.00E-11,,,,,,
1,00:00:28,28602,64.4,6.91E-12,,,,,,
1,00:00:28,28602,64.45,4.81E-12,,,,,,
1,00:00:28,28602,64.5,5.11E-12,,,,,,
1,00:00:28,28602,64.55,5.94E-12,,,,,,
1,00:00:28,28602,64.6,5.72E-12,,,,,,
1,00:00:28,28602,64.65,6.69E-12,,,,,,
1,00:00:28,28602,64.7,7.34E-12,,,,,,
1,00:00:28,28602,64.75,7.20E-12,,,,,,
1,00:00:28,28602,64.8,7.61E-12,,,,,,
1,00:00:28,28602,64.85,7.87E-12,,,,,,
1,00:00:28,28602,64.9,7.53E-12,,,,,,
1,00:00:28,28602,64.95,7.85E-12,,,,,,
1,00:00:28,28602,65,7.44E-12,,,,,,
1,00:00:28,28602,65.05,7.15E-12,,,,,,
1,00:00:28,28602,65.1,6.34E-12,,,,,,
1,00:00:28,28602,65.15,7.26E-12,,,,,,
1,00:00:28,28602,65.2,6.34E-12,,,,,,
1,00:00:28,28602,65.25,5.99E-12,,,,,,
1,00:00:28,28602,65.3,5.91E-12,,,,,,
1,00:00:28,28602,65.35,5.75E-12,,,,,,
1,00:00:28,28602,65.4,5.11E-12,,,,,,
1,00:00:28,28602,65.45,5.38E-12,,,,,,
1,00:00:28,28602,65.5,5.29E-12,,,,,,
1,00:00:28,28602,65.55,5.03E-12,,,,,,
1,00:00:28,28602,65.6,5.94E-12,,,,,,
1,00:00:28,28602,65.65,6.64E-12,,,,,,
1,00:00:28,28602,65.7,6.58E-12,,,,,,
1,00:00:28,28602,65.75,6.75E-12,,,,,,
1,00:00:28,28602,65.8,7.31E-12,,,,,,
1,00:00:28,28602,65.85,6.83E-12,,,,,,
1,00:00:28,28602,65.9,7.44E-12,,,,,,
1,00:00:28,28602,65.95,6.88E-12,,,,,,
1,00:00:28,28602,66,6.15E-12,,,,,,
1,00:00:28,28602,66.05,6.67E-12,,,,,,
1,00:00:28,28602,66.1,6.88E-12,,,,,,
1,00:00:28,28602,66.15,6.10E-12,,,,,,
1,00:00:28,28602,66.2,5.67E-12,,,,,,
1,00:00:28,28602,66.25,5.13E-12,,,,,,
1,00:00:28,28602,66.3,5.13E-12,,,,,,
1,00:00:28,28602,66.35,4.43E-12,,,,,,
1,00:00:28,28602,66.4,6.75E-12,,,,,,
1,00:00:28,28602,66.45,9.35E-12,,,,,,
1,00:00:28,28602,66.5,1.06E-11,,,,,,
1,00:00:28,28602,66.55,1.32E-11,,,,,,
1,00:00:28,28602,66.6,1.39E-11,,,,,,
1,00:00:28,28602,66.65,1.53E-11,,,,,,
1,00:00:28,28602,66.7,1.62E-11,,,,,,
1,00:00:28,28602,66.75,1.67E-11,,,,,,
1,00:00:28,28602,66.8,1.72E-11,,,,,,
1,00:00:28,28602,66.85,1.63E-11,,,,,,
1,00:00:28,28602,66.9,1.77E-11,,,,,,
1,00:00:28,28602,66.95,1.73E-11,,,,,,
1,00:00:28,28602,67,1.77E-11,,,,,,
1,00:00:28,28602,67.05,1.66E-11,,,,,,
1,00:00:28,28602,67.1,1.62E-11,,,,,,
1,00:00:28,28602,67.15,1.69E-11,,,,,,
1,00:00:28,28602,67.2,1.46E-11,,,,,,
1,00:00:28,28602,67.25,1.40E-11,,,,,,
1,00:00:28,28602,67.3,1.36E-11,,,,,,
1,00:00:28,28602,67.35,1.17E-11,,,,,,
1,00:00:28,28602,67.4,1.05E-11,,,,,,
1,00:00:28,28602,67.45,9.76E-12,,,,,,
1,00:00:28,28602,67.5,9.30E-12,,,,,,
1,00:00:28,28602,67.55,9.19E-12,,,,,,
1,00:00:28,28602,67.6,9.16E-12,,,,,,
1,00:00:28,28602,67.65,1.05E-11,,,,,,
1,00:00:28,28602,67.7,1.06E-11,,,,,,
1,00:00:28,28602,67.75,1.06E-11,,,,,,
1,00:00:28,28602,67.8,1.19E-11,,,,,,
1,00:00:28,28602,67.85,1.15E-11,,,,,,
1,00:00:28,28602,67.9,1.11E-11,,,,,,
1,00:00:28,28602,67.95,1.12E-11,,,,,,
1,00:00:28,28602,68,1.09E-11,,,,,,
1,00:00:28,28602,68.05,1.02E-11,,,,,,
1,00:00:28,28602,68.1,1.00E-11,,,,,,
1,00:00:28,28602,68.15,1.08E-11,,,,,,
1,00:00:28,28602,68.2,1.01E-11,,,,,,
1,00:00:28,28602,68.25,9.19E-12,,,,,,
1,00:00:28,28602,68.3,8.90E-12,,,,,,
1,00:00:28,28602,68.35,9.46E-12,,,,,,
1,00:00:28,28602,68.4,1.37E-11,,,,,,
1,00:00:28,28602,68.45,1.88E-11,,,,,,
1,00:00:28,28602,68.5,2.07E-11,,,,,,
1,00:00:28,28602,68.55,2.34E-11,,,,,,
1,00:00:28,28602,68.6,2.59E-11,,,,,,
1,00:00:28,28602,68.65,2.70E-11,,,,,,
1,00:00:28,28602,68.7,3.03E-11,,,,,,
1,00:00:28,28602,68.75,3.05E-11,,,,,,
1,00:00:28,28602,68.8,3.20E-11,,,,,,
1,00:00:28,28602,68.85,3.19E-11,,,,,,
1,00:00:28,28602,68.9,3.22E-11,,,,,,
1,00:00:28,28602,68.95,3.14E-11,,,,,,
1,00:00:28,28602,69,3.07E-11,,,,,,
1,00:00:28,28602,69.05,2.95E-11,,,,,,
1,00:00:28,28602,69.1,2.90E-11,,,,,,
1,00:00:28,28602,69.15,2.86E-11,,,,,,
1,00:00:28,28602,69.2,2.74E-11,,,,,,
1,00:00:28,28602,69.25,2.48E-11,,,,,,
1,00:00:28,28602,69.3,2.34E-11,,,,,,
1,00:00:28,28602,69.35,2.07E-11,,,,,,
1,00:00:28,28602,69.4,2.13E-11,,,,,,
1,00:00:28,28602,69.45,2.24E-11,,,,,,
1,00:00:28,28602,69.5,2.23E-11,,,,,,
1,00:00:28,28602,69.55,2.26E-11,,,,,,
1,00:00:28,28602,69.6,2.46E-11,,,,,,
1,00:00:28,28602,69.65,2.58E-11,,,,,,
1,00:00:28,28602,69.7,2.78E-11,,,,,,
1,00:00:28,28602,69.75,2.86E-11,,,,,,
1,00:00:28,28602,69.8,2.90E-11,,,,,,
1,00:00:28,28602,69.85,2.92E-11,,,,,,
1,00:00:28,28602,69.9,3.12E-11,,,,,,
1,00:00:28,28602,69.95,3.11E-11,,,,,,
1,00:00:28,28602,70,3.01E-11,,,,,,
1,00:00:28,28602,70.05,2.78E-11,,,,,,
1,00:00:28,28602,70.1,2.79E-11,,,,,,
1,00:00:28,28602,70.15,2.73E-11,,,,,,
1,00:00:28,28602,70.2,2.66E-11,,,,,,
1,00:00:28,28602,70.25,2.43E-11,,,,,,
1,00:00:28,28602,70.3,2.27E-11,,,,,,
1,00:00:28,28602,70.35,2.21E-11,,,,,,
1,00:00:28,28602,70.4,2.16E-11,,,,,,
1,00:00:28,28602,70.45,2.18E-11,,,,,,
1,00:00:28,28602,70.5,2.02E-11,,,,,,
1,00:00:28,28602,70.55,1.98E-11,,,,,,
1,00:00:28,28602,70.6,2.02E-11,,,,,,
1,00:00:28,28602,70.65,2.17E-11,,,,,,
1,00:00:28,28602,70.7,2.38E-11,,,,,,
1,00:00:28,28602,70.75,2.43E-11,,,,,,
1,00:00:28,28602,70.8,2.55E-11,,,,,,
1,00:00:28,28602,70.85,2.60E-11,,,,,,
1,00:00:28,28602,70.9,2.46E-11,,,,,,
1,00:00:28,28602,70.95,2.53E-11,,,,,,
1,00:00:28,28602,71,2.56E-11,,,,,,
1,00:00:28,28602,71.05,2.39E-11,,,,,,
1,00:00:28,28602,71.1,2.32E-11,,,,,,
1,00:00:28,28602,71.15,2.26E-11,,,,,,
1,00:00:28,28602,71.2,2.23E-11,,,,,,
1,00:00:28,28602,71.25,2.09E-11,,,,,,
1,00:00:28,28602,71.3,1.86E-11,,,,,,
1,00:00:28,28602,71.35,1.81E-11,,,,,,
1,00:00:28,28602,71.4,1.59E-11,,,,,,
1,00:00:28,28602,71.45,1.49E-11,,,,,,
1,00:00:28,28602,71.5,1.18E-11,,,,,,
1,00:00:28,28602,71.55,1.12E-11,,,,,,
1,00:00:28,28602,71.6,1.20E-11,,,,,,
1,00:00:28,28602,71.65,1.26E-11,,,,,,
1,00:00:28,28602,71.7,1.27E-11,,,,,,
1,00:00:28,28602,71.75,1.36E-11,,,,,,
1,00:00:28,28602,71.8,1.43E-11,,,,,,
1,00:00:28,28602,71.85,1.38E-11,,,,,,
1,00:00:28,28602,71.9,1.46E-11,,,,,,
1,00:00:28,28602,71.95,1.40E-11,,,,,,
1,00:00:28,28602,72,1.37E-11,,,,,,
1,00:00:28,28602,72.05,1.30E-11,,,,,,
1,00:00:28,28602,72.1,1.29E-11,,,,,,
1,00:00:28,28602,72.15,1.30E-11,,,,,,
1,00:00:28,28602,72.2,1.20E-11,,,,,,
1,00:00:28,28602,72.25,1.14E-11,,,,,,
1,00:00:28,28602,72.3,1.21E-11,,,,,,
1,00:00:28,28602,72.35,1.90E-11,,,,,,
1,00:00:28,28602,72.4,2.27E-11,,,,,,
1,00:00:28,28602,72.45,2.55E-11,,,,,,
1,00:00:28,28602,72.5,2.87E-11,,,,,,
1,00:00:28,28602,72.55,3.20E-11,,,,,,
1,00:00:28,28602,72.6,3.30E-11,,,,,,
1,00:00:28,28602,72.65,3.54E-11,,,,,,
1,00:00:28,28602,72.7,3.81E-11,,,,,,
1,00:00:28,28602,72.75,3.75E-11,,,,,,
1,00:00:28,28602,72.8,4.03E-11,,,,,,
1,00:00:28,28602,72.85,3.98E-11,,,,,,
1,00:00:28,28602,72.9,3.87E-11,,,,,,
1,00:00:28,28602,72.95,3.76E-11,,,,,,
1,00:00:28,28602,73,3.74E-11,,,,,,
1,00:00:28,28602,73.05,3.52E-11,,,,,,
1,00:00:28,28602,73.1,3.57E-11,,,,,,
1,00:00:28,28602,73.15,3.45E-11,,,,,,
1,00:00:28,28602,73.2,3.25E-11,,,,,,
1,00:00:28,28602,73.25,2.96E-11,,,,,,
1,00:00:28,28602,73.3,2.63E-11,,,,,,
1,00:00:28,28602,73.35,2.30E-11,,,,,,
1,00:00:28,28602,73.4,1.91E-11,,,,,,
1,00:00:28,28602,73.45,1.52E-11,,,,,,
1,00:00:28,28602,73.5,1.20E-11,,,,,,
1,00:00:28,28602,73.55,1.04E-11,,,,,,
1,00:00:28,28602,73.6,1.05E-11,,,,,,
1,00:00:28,28602,73.65,1.09E-11,,,,,,
1,00:00:28,28602,73.7,1.21E-11,,,,,,
1,00:00:28,28602,73.75,1.23E-11,,,,,,
1,00:00:28,28602,73.8,1.24E-11,,,,,,
1,00:00:28,28602,73.85,1.26E-11,,,,,,
1,00:00:28,28602,73.9,1.23E-11,,,,,,
1,00:00:28,28602,73.95,1.21E-11,,,,,,
1,00:00:28,28602,74,1.12E-11,,,,,,
1,00:00:28,28602,74.05,1.26E-11,,,,,,
1,00:00:28,28602,74.1,1.14E-11,,,,,,
1,00:00:28,28602,74.15,1.08E-11,,,,,,
1,00:00:28,28602,74.2,1.06E-11,,,,,,
1,00:00:28,28602,74.25,9.68E-12,,,,,,
1,00:00:28,28602,74.3,9.03E-12,,,,,,
1,00:00:28,28602,74.35,7.96E-12,,,,,,
1,00:00:28,28602,74.4,6.72E-12,,,,,,
1,00:00:28,28602,74.45,5.29E-12,,,,,,
1,00:00:28,28602,74.5,4.65E-12,,,,,,
1,00:00:28,28602,74.55,3.68E-12,,,,,,
1,00:00:28,28602,74.6,3.76E-12,,,,,,
1,00:00:28,28602,74.65,4.17E-12,,,,,,
1,00:00:28,28602,74.7,4.38E-12,,,,,,
1,00:00:28,28602,74.75,4.14E-12,,,,,,
1,00:00:28,28602,74.8,4.54E-12,,,,,,
1,00:00:28,28602,74.85,4.06E-12,,,,,,
1,00:00:28,28602,74.9,4.60E-12,,,,,,
1,00:00:28,28602,74.95,4.43E-12,,,,,,
1,00:00:28,28602,75,4.46E-12,,,,,,
1,00:00:28,28602,75.05,4.41E-12,,,,,,
1,00:00:28,28602,75.1,4.22E-12,,,,,,
1,00:00:28,28602,75.15,4.00E-12,,,,,,
1,00:00:28,28602,75.2,3.76E-12,,,,,,
1,00:00:28,28602,75.25,3.68E-12,,,,,,
1,00:00:28,28602,75.3,3.60E-12,,,,,,
1,00:00:28,28602,75.35,3.06E-12,,,,,,
1,00:00:28,28602,75.4,2.63E-12,,,,,,
1,00:00:28,28602,75.45,2.77E-12,,,,,,
1,00:00:28,28602,75.5,2.20E-12,,,,,,
1,00:00:28,28602,75.55,2.31E-12,,,,,,
1,00:00:28,28602,75.6,2.45E-12,,,,,,
1,00:00:28,28602,75.65,2.28E-12,,,,,,
1,00:00:28,28602,75.7,2.37E-12,,,,,,
1,00:00:28,28602,75.75,2.69E-12,,,,,,
1,00:00:28,28602,75.8,2.85E-12,,,,,,
1,00:00:28,28602,75.85,2.58E-12,,,,,,
1,00:00:28,28602,75.9,2.61E-12,,,,,,
1,00:00:28,28602,75.95,2.61E-12,,,,,,
1,00:00:28,28602,76,2.23E-12,,,,,,
1,00:00:28,28602,76.05,2.63E-12,,,,,,
1,00:00:28,28602,76.1,2.12E-12,,,,,,
1,00:00:28,28602,76.15,2.69E-12,,,,,,
1,00:00:28,28602,76.2,2.69E-12,,,,,,
1,00:00:28,28602,76.25,3.74E-12,,,,,,
1,00:00:28,28602,76.3,7.69E-12,,,,,,
1,00:00:28,28602,76.35,1.21E-11,,,,,,
1,00:00:28,28602,76.4,1.46E-11,,,,,,
1,00:00:28,28602,76.45,1.87E-11,,,,,,
1,00:00:28,28602,76.5,1.96E-11,,,,,,
1,00:00:28,28602,76.55,2.19E-11,,,,,,
1,00:00:28,28602,76.6,2.45E-11,,,,,,
1,00:00:28,28602,76.65,2.53E-11,,,,,,
1,00:00:28,28602,76.7,2.67E-11,,,,,,
1,00:00:28,28602,76.75,2.67E-11,,,,,,
1,00:00:28,28602,76.8,2.78E-11,,,,,,
1,00:00:28,28602,76.85,2.64E-11,,,,,,
1,00:00:28,28602,76.9,2.75E-11,,,,,,
1,00:00:28,28602,76.95,2.58E-11,,,,,,
1,00:00:28,28602,77,2.55E-11,,,,,,
1,00:00:28,28602,77.05,2.53E-11,,,,,,
1,00:00:28,28602,77.1,2.56E-11,,,,,,
1,00:00:28,28602,77.15,2.34E-11,,,,,,
1,00:00:28,28602,77.2,2.23E-11,,,,,,
1,00:00:28,28602,77.25,2.03E-11,,,,,,
1,00:00:28,28602,77.3,1.87E-11,,,,,,
1,00:00:28,28602,77.35,1.46E-11,,,,,,
1,00:00:28,28602,77.4,1.21E-11,,,,,,
1,00:00:28,28602,77.45,9.62E-12,,,,,,
1,00:00:28,28602,77.5,6.75E-12,,,,,,
1,00:00:28,28602,77.55,6.18E-12,,,,,,
1,00:00:28,28602,77.6,6.07E-12,,,,,,
1,00:00:28,28602,77.65,7.20E-12,,,,,,
1,00:00:28,28602,77.7,7.01E-12,,,,,,
1,00:00:28,28602,77.75,7.85E-12,,,,,,
1,00:00:28,28602,77.8,7.61E-12,,,,,,
1,00:00:28,28602,77.85,7.53E-12,,,,,,
1,00:00:28,28602,77.9,7.55E-12,,,,,,
1,00:00:28,28602,77.95,7.63E-12,,,,,,
1,00:00:28,28602,78,7.36E-12,,,,,,
1,00:00:28,28602,78.05,6.75E-12,,,,,,
1,00:00:28,28602,78.1,6.40E-12,,,,,,
1,00:00:28,28602,78.15,6.61E-12,,,,,,
1,00:00:28,28602,78.2,6.67E-12,,,,,,
1,00:00:28,28602,78.25,6.13E-12,,,,,,
1,00:00:28,28602,78.3,6.61E-12,,,,,,
1,00:00:28,28602,78.35,7.77E-12,,,,,,
1,00:00:28,28602,78.4,7.77E-12,,,,,,
1,00:00:28,28602,78.45,8.17E-12,,,,,,
1,00:00:28,28602,78.5,8.09E-12,,,,,,
1,00:00:28,28602,78.55,8.39E-12,,,,,,
1,00:00:28,28602,78.6,8.47E-12,,,,,,
1,00:00:28,28602,78.65,9.70E-12,,,,,,
1,00:00:28,28602,78.7,1.05E-11,,,,,,
1,00:00:28,28602,78.75,1.02E-11,,,,,,
1,00:00:28,28602,78.8,1.04E-11,,,,,,
1,00:00:28,28602,78.85,9.81E-12,,,,,,
1,00:00:28,28602,78.9,1.08E-11,,,,,,
1,00:00:28,28602,78.95,1.00E-11,,,,,,
1,00:00:28,28602,79,1.01E-11,,,,,,
1,00:00:28,28602,79.05,9.03E-12,,,,,,
1,00:00:28,28602,79.1,9.62E-12,,,,,,
1,00:00:28,28602,79.15,1.02E-11,,,,,,
1,00:00:28,28602,79.2,9.03E-12,,,,,,
1,00:00:28,28602,79.25,8.47E-12,,,,,,
1,00:00:28,28602,79.3,8.25E-12,,,,,,
1,00:00:28,28602,79.35,7.28E-12,,,,,,
1,00:00:28,28602,79.4,5.32E-12,,,,,,
1,00:00:28,28602,79.45,4.54E-12,,,,,,
1,00:00:28,28602,79.5,3.39E-12,,,,,,
1,00:00:28,28602,79.55,2.74E-12,,,,,,
1,00:00:28,28602,79.6,2.42E-12,,,,,,
1,00:00:28,28602,79.65,2.74E-12,,,,,,
1,00:00:28,28602,79.7,2.80E-12,,,,,,
1,00:00:28,28602,79.75,3.01E-12,,,,,,
1,00:00:28,28602,79.8,2.90E-12,,,,,,
1,00:00:28,28602,79.85,3.01E-12,,,,,,
1,00:00:28,28602,79.9,2.88E-12,,,,,,
1,00:00:28,28602,79.95,2.98E-12,,,,,,
1,00:00:28,28602,80,2.82E-12,,,,,,
1,00:00:28,28602,80.05,2.66E-12,,,,,,
1,00:00:28,28602,80.1,2.63E-12,,,,,,
1,00:00:28,28602,80.15,2.90E-12,,,,,,
1,00:00:28,28602,80.2,2.63E-12,,,,,,
1,00:00:28,28602,80.25,2.66E-12,,,,,,
1,00:00:28,28602,80.3,3.20E-12,,,,,,
1,00:00:28,28602,80.35,4.95E-12,,,,,,
1,00:00:28,28602,80.4,5.43E-12,,,,,,
1,00:00:28,28602,80.45,6.50E-12,,,,,,
1,00:00:28,28602,80.5,7.23E-12,,,,,,
1,00:00:28,28602,80.55,7.04E-12,,,,,,
1,00:00:28,28602,80.6,7.74E-12,,,,,,
1,00:00:28,28602,80.65,8.39E-12,,,,,,
1,00:00:28,28602,80.7,8.65E-12,,,,,,
1,00:00:28,28602,80.75,9.84E-12,,,,,,
1,00:00:28,28602,80.8,8.87E-12,,,,,,
1,00:00:28,28602,80.85,9.03E-12,,,,,,
1,00:00:28,28602,80.9,9.49E-12,,,,,,
1,00:00:28,28602,80.95,9.73E-12,,,,,,
1,00:00:28,28602,81,8.79E-12,,,,,,
1,00:00:28,28602,81.05,8.36E-12,,,,,,
1,00:00:28,28602,81.1,9.49E-12,,,,,,
1,00:00:28,28602,81.15,9.08E-12,,,,,,
1,00:00:28,28602,81.2,8.30E-12,,,,,,
1,00:00:28,28602,81.25,7.69E-12,,,,,,
1,00:00:28,28602,81.3,8.36E-12,,,,,,
1,00:00:28,28602,81.35,8.20E-12,,,,,,
1,00:00:28,28602,81.4,7.53E-12,,,,,,
1,00:00:28,28602,81.45,7.26E-12,,,,,,
1,00:00:28,28602,81.5,6.32E-12,,,,,,
1,00:00:28,28602,81.55,5.94E-12,,,,,,
1,00:00:28,28602,81.6,5.64E-12,,,,,,
1,00:00:28,28602,81.65,5.81E-12,,,,,,
1,00:00:28,28602,81.7,5.89E-12,,,,,,
1,00:00:28,28602,81.75,6.45E-12,,,,,,
1,00:00:28,28602,81.8,6.45E-12,,,,,,
1,00:00:28,28602,81.85,7.04E-12,,,,,,
1,00:00:28,28602,81.9,7.23E-12,,,,,,
1,00:00:28,28602,81.95,7.23E-12,,,,,,
1,00:00:28,28602,82,6.21E-12,,,,,,
1,00:00:28,28602,82.05,6.61E-12,,,,,,
1,00:00:28,28602,82.1,6.58E-12,,,,,,
1,00:00:28,28602,82.15,6.48E-12,,,,,,
1,00:00:28,28602,82.2,6.50E-12,,,,,,
1,00:00:28,28602,82.25,6.50E-12,,,,,,
1,00:00:28,28602,82.3,6.50E-12,,,,,,
1,00:00:28,28602,82.35,8.41E-12,,,,,,
1,00:00:28,28602,82.4,9.11E-12,,,,,,
1,00:00:28,28602,82.45,9.25E-12,,,,,,
1,00:00:28,28602,82.5,1.00E-11,,,,,,
1,00:00:28,28602,82.55,9.89E-12,,,,,,
1,00:00:28,28602,82.6,1.04E-11,,,,,,
1,00:00:28,28602,82.65,1.12E-11,,,,,,
1,00:00:28,28602,82.7,1.16E-11,,,,,,
1,00:00:28,28602,82.75,1.23E-11,,,,,,
1,00:00:28,28602,82.8,1.22E-11,,,,,,
1,00:00:28,28602,82.85,1.27E-11,,,,,,
1,00:00:28,28602,82.9,1.22E-11,,,,,,
1,00:00:28,28602,82.95,1.24E-11,,,,,,
1,00:00:28,28602,83,1.24E-11,,,,,,
1,00:00:28,28602,83.05,1.20E-11,,,,,,
1,00:00:28,28602,83.1,1.10E-11,,,,,,
1,00:00:28,28602,83.15,1.14E-11,,,,,,
1,00:00:28,28602,83.2,1.08E-11,,,,,,
1,00:00:28,28602,83.25,1.07E-11,,,,,,
1,00:00:28,28602,83.3,1.09E-11,,,,,,
1,00:00:28,28602,83.35,1.10E-11,,,,,,
1,00:00:28,28602,83.4,1.10E-11,,,,,,
1,00:00:28,28602,83.45,9.84E-12,,,,,,
1,00:00:28,28602,83.5,8.55E-12,,,,,,
1,00:00:28,28602,83.55,8.49E-12,,,,,,
1,00:00:28,28602,83.6,8.17E-12,,,,,,
1,00:00:28,28602,83.65,8.92E-12,,,,,,
1,00:00:28,28602,83.7,9.59E-12,,,,,,
1,00:00:28,28602,83.75,9.43E-12,,,,,,
1,00:00:28,28602,83.8,1.06E-11,,,,,,
1,00:00:28,28602,83.85,1.05E-11,,,,,,
1,00:00:28,28602,83.9,9.97E-12,,,,,,
1,00:00:28,28602,83.95,1.09E-11,,,,,,
1,00:00:28,28602,84,1.01E-11,,,,,,
1,00:00:28,28602,84.05,9.89E-12,,,,,,
1,00:00:28,28602,84.1,1.03E-11,,,,,,
1,00:00:28,28602,84.15,1.01E-11,,,,,,
1,00:00:28,28602,84.2,9.08E-12,,,,,,
1,00:00:28,28602,84.25,9.57E-12,,,,,,
1,00:00:28,28602,84.3,1.06E-11,,,,,,
1,00:00:28,28602,84.35,1.13E-11,,,,,,
1,00:00:28,28602,84.4,1.21E-11,,,,,,
1,00:00:28,28602,84.45,1.22E-11,,,,,,
1,00:00:28,28602,84.5,1.18E-11,,,,,,
1,00:00:28,28602,84.55,1.14E-11,,,,,,
1,00:00:28,28602,84.6,1.16E-11,,,,,,
1,00:00:28,28602,84.65,1.28E-11,,,,,,
1,00:00:28,28602,84.7,1.30E-11,,,,,,
1,00:00:28,28602,84.75,1.32E-11,,,,,,
1,00:00:28,28602,84.8,1.32E-11,,,,,,
1,00:00:28,28602,84.85,1.39E-11,,,,,,
1,00:00:28,28602,84.9,1.29E-11,,,,,,
1,00:00:28,28602,84.95,1.34E-11,,,,,,
1,00:00:28,28602,85,1.40E-11,,,,,,
1,00:00:28,28602,85.05,1.25E-11,,,,,,
1,00:00:28,28602,85.1,1.34E-11,,,,,,
1,00:00:28,28602,85.15,1.27E-11,,,,,,
1,00:00:28,28602,85.2,1.20E-11,,,,,,
1,00:00:28,28602,85.25,1.17E-11,,,,,,
1,00:00:28,28602,85.3,1.19E-11,,,,,,
1,00:00:28,28602,85.35,1.15E-11,,,,,,
1,00:00:28,28602,85.4,1.08E-11,,,,,,
1,00:00:28,28602,85.45,8.90E-12,,,,,,
1,00:00:28,28602,85.5,8.33E-12,,,,,,
1,00:00:28,28602,85.55,7.20E-12,,,,,,
1,00:00:28,28602,85.6,7.04E-12,,,,,,
1,00:00:28,28602,85.65,7.69E-12,,,,,,
1,00:00:28,28602,85.7,7.58E-12,,,,,,
1,00:00:28,28602,85.75,7.63E-12,,,,,,
1,00:00:28,28602,85.8,8.33E-12,,,,,,
1,00:00:28,28602,85.85,7.36E-12,,,,,,
1,00:00:28,28602,85.9,8.47E-12,,,,,,
1,00:00:28,28602,85.95,7.90E-12,,,,,,
1,00:00:28,28602,86,8.06E-12,,,,,,
1,00:00:28,28602,86.05,7.71E-12,,,,,,
1,00:00:28,28602,86.1,7.10E-12,,,,,,
1,00:00:28,28602,86.15,6.85E-12,,,,,,
1,00:00:28,28602,86.2,7.50E-12,,,,,,
1,00:00:28,28602,86.25,7.50E-12,,,,,,
1,00:00:28,28602,86.3,8.63E-12,,,,,,
1,00:00:28,28602,86.35,8.14E-12,,,,,,
1,00:00:28,28602,86.4,7.90E-12,,,,,,
1,00:00:28,28602,86.45,7.77E-12,,,,,,
1,00:00:28,28602,86.5,7.53E-12,,,,,,
1,00:00:28,28602,86.55,6.80E-12,,,,,,
1,00:00:28,28602,86.6,7.36E-12,,,,,,
1,00:00:28,28602,86.65,8.60E-12,,,,,,
1,00:00:28,28602,86.7,8.39E-12,,,,,,
1,00:00:28,28602,86.75,7.90E-12,,,,,,
1,00:00:28,28602,86.8,7.71E-12,,,,,,
1,00:00:28,28602,86.85,8.73E-12,,,,,,
1,00:00:28,28602,86.9,8.73E-12,,,,,,
1,00:00:28,28602,86.95,8.44E-12,,,,,,
1,00:00:28,28602,87,7.98E-12,,,,,,
1,00:00:28,28602,87.05,7.82E-12,,,,,,
1,00:00:28,28602,87.1,7.90E-12,,,,,,
1,00:00:28,28602,87.15,7.53E-12,,,,,,
1,00:00:28,28602,87.2,7.85E-12,,,,,,
1,00:00:28,28602,87.25,8.20E-12,,,,,,
1,00:00:28,28602,87.3,9.76E-12,,,,,,
1,00:00:28,28602,87.35,1.09E-11,,,,,,
1,00:00:28,28602,87.4,1.08E-11,,,,,,
1,00:00:28,28602,87.45,1.06E-11,,,,,,
1,00:00:28,28602,87.5,1.05E-11,,,,,,
1,00:00:28,28602,87.55,1.01E-11,,,,,,
1,00:00:28,28602,87.6,1.02E-11,,,,,,
1,00:00:28,28602,87.65,1.10E-11,,,,,,
1,00:00:28,28602,87.7,1.24E-11,,,,,,
1,00:00:28,28602,87.75,1.20E-11,,,,,,
1,00:00:28,28602,87.8,1.17E-11,,,,,,
1,00:00:28,28602,87.85,1.19E-11,,,,,,
1,00:00:28,28602,87.9,1.16E-11,,,,,,
1,00:00:28,28602,87.95,1.23E-11,,,,,,
1,00:00:28,28602,88,1.26E-11,,,,,,
1,00:00:28,28602,88.05,1.13E-11,,,,,,
1,00:00:28,28602,88.1,1.11E-11,,,,,,
1,00:00:28,28602,88.15,1.14E-11,,,,,,
1,00:00:28,28602,88.2,1.07E-11,,,,,,
1,00:00:28,28602,88.25,1.10E-11,,,,,,
1,00:00:28,28602,88.3,1.02E-11,,,,,,
1,00:00:28,28602,88.35,8.52E-12,,,,,,
1,00:00:28,28602,88.4,6.93E-12,,,,,,
1,00:00:28,28602,88.45,5.54E-12,,,,,,
1,00:00:28,28602,88.5,4.46E-12,,,,,,
1,00:00:28,28602,88.55,2.96E-12,,,,,,
1,00:00:28,28602,88.6,2.39E-12,,,,,,
1,00:00:28,28602,88.65,2.71E-12,,,,,,
1,00:00:28,28602,88.7,2.69E-12,,,,,,
1,00:00:28,28602,88.75,3.12E-12,,,,,,
1,00:00:28,28602,88.8,3.33E-12,,,,,,
1,00:00:28,28602,88.85,2.98E-12,,,,,,
1,00:00:28,28602,88.9,2.77E-12,,,,,,
1,00:00:28,28602,88.95,2.71E-12,,,,,,
1,00:00:28,28602,89,2.71E-12,,,,,,
1,00:00:28,28602,89.05,2.96E-12,,,,,,
1,00:00:28,28602,89.1,2.88E-12,,,,,,
1,00:00:28,28602,89.15,2.82E-12,,,,,,
1,00:00:28,28602,89.2,2.96E-12,,,,,,
1,00:00:28,28602,89.25,2.74E-12,,,,,,
1,00:00:28,28602,89.3,2.23E-12,,,,,,
1,00:00:28,28602,89.35,2.28E-12,,,,,,
1,00:00:28,28602,89.4,2.07E-12,,,,,,
1,00:00:28,28602,89.45,1.94E-12,,,,,,
1,00:00:28,28602,89.5,1.40E-12,,,,,,
1,00:00:28,28602,89.55,6.45E-13,,,,,,
1,00:00:28,28602,89.6,4.57E-13,,,,,,
1,00:00:28,28602,89.65,5.38E-13,,,,,,
1,00:00:28,28602,89.7,1.10E-12,,,,,,
1,00:00:28,28602,89.75,8.06E-13,,,,,,
1,00:00:28,28602,89.8,1.10E-12,,,,,,
1,00:00:28,28602,89.85,1.13E-12,,,,,,
1,00:00:28,28602,89.9,7.79E-13,,,,,,
1,00:00:28,28602,89.95,5.64E-13,,,,,,
1,00:00:28,28602,90,5.11E-13,,,,,,
1,00:00:28,28602,90.05,1.08E-12,,,,,,
1,00:00:28,28602,90.1,7.26E-13,,,,,,
1,00:00:28,28602,90.15,1.08E-12,,,,,,
1,00:00:28,28602,90.2,8.33E-13,,,,,,
1,00:00:28,28602,90.25,2.23E-12,,,,,,
1,00:00:28,28602,90.3,3.17E-12,,,,,,
1,00:00:28,28602,90.35,3.17E-12,,,,,,
1,00:00:28,28602,90.4,4.65E-12,,,,,,
1,00:00:28,28602,90.45,4.78E-12,,,,,,
1,00:00:28,28602,90.5,5.43E-12,,,,,,
1,00:00:28,28602,90.55,5.83E-12,,,,,,
1,00:00:28,28602,90.6,5.97E-12,,,,,,
1,00:00:28,28602,90.65,5.51E-12,,,,,,
1,00:00:28,28602,90.7,6.50E-12,,,,,,
1,00:00:28,28602,90.75,6.67E-12,,,,,,
1,00:00:28,28602,90.8,6.83E-12,,,,,,
1,00:00:28,28602,90.85,7.15E-12,,,,,,
1,00:00:28,28602,90.9,7.18E-12,,,,,,
1,00:00:28,28602,90.95,7.28E-12,,,,,,
1,00:00:28,28602,91,5.81E-12,,,,,,
1,00:00:28,28602,91.05,6.80E-12,,,,,,
1,00:00:28,28602,91.1,6.69E-12,,,,,,
1,00:00:28,28602,91.15,6.61E-12,,,,,,
1,00:00:28,28602,91.2,6.48E-12,,,,,,
1,00:00:28,28602,91.25,6.50E-12,,,,,,
1,00:00:28,28602,91.3,6.02E-12,,,,,,
1,00:00:28,28602,91.35,5.46E-12,,,,,,
1,00:00:28,28602,91.4,4.33E-12,,,,,,
1,00:00:28,28602,91.45,3.74E-12,,,,,,
1,00:00:28,28602,91.5,2.96E-12,,,,,,
1,00:00:28,28602,91.55,2.45E-12,,,,,,
1,00:00:28,28602,91.6,2.02E-12,,,,,,
1,00:00:28,28602,91.65,2.31E-12,,,,,,
1,00:00:28,28602,91.7,2.02E-12,,,,,,
1,00:00:28,28602,91.75,2.61E-12,,,,,,
1,00:00:28,28602,91.8,2.04E-12,,,,,,
1,00:00:28,28602,91.85,2.96E-12,,,,,,
1,00:00:28,28602,91.9,2.66E-12,,,,,,
1,00:00:28,28602,91.95,2.18E-12,,,,,,
1,00:00:28,28602,92,2.07E-12,,,,,,
1,00:00:28,28602,92.05,2.42E-12,,,,,,
1,00:00:28,28602,92.1,2.66E-12,,,,,,
1,00:00:28,28602,92.15,2.28E-12,,,,,,
1,00:00:28,28602,92.2,2.39E-12,,,,,,
1,00:00:28,28602,92.25,2.37E-12,,,,,,
1,00:00:28,28602,92.3,2.71E-12,,,,,,
1,00:00:28,28602,92.35,2.34E-12,,,,,,
1,00:00:28,28602,92.4,2.28E-12,,,,,,
1,00:00:28,28602,92.45,2.31E-12,,,,,,
1,00:00:28,28602,92.5,2.20E-12,,,,,,
1,00:00:28,28602,92.55,2.18E-12,,,,,,
1,00:00:28,28602,92.6,1.94E-12,,,,,,
1,00:00:28,28602,92.65,2.12E-12,,,,,,
1,00:00:28,28602,92.7,1.83E-12,,,,,,
1,00:00:28,28602,92.75,1.75E-12,,,,,,
1,00:00:28,28602,92.8,2.37E-12,,,,,,
1,00:00:28,28602,92.85,1.96E-12,,,,,,
1,00:00:28,28602,92.9,2.04E-12,,,,,,
1,00:00:28,28602,92.95,2.10E-12,,,,,,
1,00:00:28,28602,93,2.50E-12,,,,,,
1,00:00:28,28602,93.05,2.02E-12,,,,,,
1,00:00:28,28602,93.1,2.28E-12,,,,,,
1,00:00:28,28602,93.15,1.88E-12,,,,,,
1,00:00:28,28602,93.2,1.69E-12,,,,,,
1,00:00:28,28602,93.25,2.39E-12,,,,,,
1,00:00:28,28602,93.3,2.58E-12,,,,,,
1,00:00:28,28602,93.35,2.96E-12,,,,,,
1,00:00:28,28602,93.4,2.47E-12,,,,,,
1,00:00:28,28602,93.45,2.71E-12,,,,,,
1,00:00:28,28602,93.5,2.55E-12,,,,,,
1,00:00:28,28602,93.55,2.88E-12,,,,,,
1,00:00:28,28602,93.6,2.47E-12,,,,,,
1,00:00:28,28602,93.65,2.82E-12,,,,,,
1,00:00:28,28602,93.7,2.58E-12,,,,,,
1,00:00:28,28602,93.75,3.01E-12,,,,,,
1,00:00:28,28602,93.8,2.55E-12,,,,,,
1,00:00:28,28602,93.85,2.88E-12,,,,,,
1,00:00:28,28602,93.9,2.77E-12,,,,,,
1,00:00:28,28602,93.95,3.12E-12,,,,,,
1,00:00:28,28602,94,2.93E-12,,,,,,
1,00:00:28,28602,94.05,2.90E-12,,,,,,
1,00:00:28,28602,94.1,2.85E-12,,,,,,
1,00:00:28,28602,94.15,2.39E-12,,,,,,
1,00:00:28,28602,94.2,2.82E-12,,,,,,
1,00:00:28,28602,94.25,2.98E-12,,,,,,
1,00:00:28,28602,94.3,3.66E-12,,,,,,
1,00:00:28,28602,94.35,3.87E-12,,,,,,
1,00:00:28,28602,94.4,4.49E-12,,,,,,
1,00:00:28,28602,94.45,3.74E-12,,,,,,
1,00:00:28,28602,94.5,4.17E-12,,,,,,
1,00:00:28,28602,94.55,4.17E-12,,,,,,
1,00:00:28,28602,94.6,4.38E-12,,,,,,
1,00:00:28,28602,94.65,4.35E-12,,,,,,
1,00:00:28,28602,94.7,4.22E-12,,,,,,
1,00:00:28,28602,94.75,4.70E-12,,,,,,
1,00:00:28,28602,94.8,4.70E-12,,,,,,
1,00:00:28,28602,94.85,5.00E-12,,,,,,
1,00:00:28,28602,94.9,4.92E-12,,,,,,
1,00:00:28,28602,94.95,4.60E-12,,,,,,
1,00:00:28,28602,95,4.86E-12,,,,,,
1,00:00:28,28602,95.05,5.00E-12,,,,,,
1,00:00:28,28602,95.1,4.14E-12,,,,,,
1,00:00:28,28602,95.15,4.46E-12,,,,,,
1,00:00:28,28602,95.2,4.52E-12,,,,,,
1,00:00:28,28602,95.25,5.11E-12,,,,,,
1,00:00:28,28602,95.3,4.81E-12,,,,,,
1,00:00:28,28602,95.35,6.10E-12,,,,,,
1,00:00:28,28602,95.4,4.81E-12,,,,,,
1,00:00:28,28602,95.45,4.84E-12,,,,,,
1,00:00:28,28602,95.5,4.33E-12,,,,,,
1,00:00:28,28602,95.55,4.54E-12,,,,,,
1,00:00:28,28602,95.6,4.06E-12,,,,,,
1,00:00:28,28602,95.65,4.60E-12,,,,,,
1,00:00:28,28602,95.7,4.25E-12,,,,,,
1,00:00:28,28602,95.75,4.60E-12,,,,,,
1,00:00:28,28602,95.8,4.70E-12,,,,,,
1,00:00:28,28602,95.85,4.68E-12,,,,,,
1,00:00:28,28602,95.9,4.95E-12,,,,,,
1,00:00:28,28602,95.95,4.97E-12,,,,,,
1,00:00:28,28602,96,4.68E-12,,,,,,
1,00:00:28,28602,96.05,4.54E-12,,,,,,
1,00:00:28,28602,96.1,4.65E-12,,,,,,
1,00:00:28,28602,96.15,4.70E-12,,,,,,
1,00:00:28,28602,96.2,5.03E-12,,,,,,
1,00:00:28,28602,96.25,5.16E-12,,,,,,
1,00:00:28,28602,96.3,5.78E-12,,,,,,
1,00:00:28,28602,96.35,5.72E-12,,,,,,
1,00:00:28,28602,96.4,5.64E-12,,,,,,
1,00:00:28,28602,96.45,5.38E-12,,,,,,
1,00:00:28,28602,96.5,5.19E-12,,,,,,
1,00:00:28,28602,96.55,5.19E-12,,,,,,
1,00:00:28,28602,96.6,5.08E-12,,,,,,
1,00:00:28,28602,96.65,5.11E-12,,,,,,
1,00:00:28,28602,96.7,5.16E-12,,,,,,
1,00:00:28,28602,96.75,5.16E-12,,,,,,
1,00:00:28,28602,96.8,5.78E-12,,,,,,
1,00:00:28,28602,96.85,5.59E-12,,,,,,
1,00:00:28,28602,96.9,5.46E-12,,,,,,
1,00:00:28,28602,96.95,5.46E-12,,,,,,
1,00:00:28,28602,97,6.37E-12,,,,,,
1,00:00:28,28602,97.05,5.99E-12,,,,,,
1,00:00:28,28602,97.1,5.40E-12,,,,,,
1,00:00:28,28602,97.15,5.38E-12,,,,,,
1,00:00:28,28602,97.2,5.78E-12,,,,,,
1,00:00:28,28602,97.25,5.91E-12,,,,,,
1,00:00:28,28602,97.3,6.72E-12,,,,,,
1,00:00:28,28602,97.35,7.63E-12,,,,,,
1,00:00:28,28602,97.4,7.20E-12,,,,,,
1,00:00:28,28602,97.45,7.26E-12,,,,,,
1,00:00:28,28602,97.5,7.12E-12,,,,,,
1,00:00:28,28602,97.55,7.39E-12,,,,,,
1,00:00:28,28602,97.6,6.99E-12,,,,,,
1,00:00:28,28602,97.65,7.31E-12,,,,,,
1,00:00:28,28602,97.7,7.85E-12,,,,,,
1,00:00:28,28602,97.75,7.74E-12,,,,,,
1,00:00:28,28602,97.8,8.71E-12,,,,,,
1,00:00:28,28602,97.85,8.68E-12,,,,,,
1,00:00:28,28602,97.9,8.87E-12,,,,,,
1,00:00:28,28602,97.95,7.98E-12,,,,,,
1,00:00:28,28602,98,7.87E-12,,,,,,
1,00:00:28,28602,98.05,7.79E-12,,,,,,
1,00:00:28,28602,98.1,8.28E-12,,,,,,
1,00:00:28,28602,98.15,8.25E-12,,,,,,
1,00:00:28,28602,98.2,8.63E-12,,,,,,
1,00:00:28,28602,98.25,8.92E-12,,,,,,
1,00:00:28,28602,98.3,9.78E-12,,,,,,
1,00:00:28,28602,98.35,9.70E-12,,,,,,
1,00:00:28,28602,98.4,8.87E-12,,,,,,
1,00:00:28,28602,98.45,8.82E-12,,,,,,
1,00:00:28,28602,98.5,7.15E-12,,,,,,
1,00:00:28,28602,98.55,7.55E-12,,,,,,
1,00:00:28,28602,98.6,7.07E-12,,,,,,
1,00:00:28,28602,98.65,5.97E-12,,,,,,
1,00:00:28,28602,98.7,6.75E-12,,,,,,
1,00:00:28,28602,98.75,6.50E-12,,,,,,
1,00:00:28,28602,98.8,6.45E-12,,,,,,
1,00:00:28,28602,98.85,7.23E-12,,,,,,
1,00:00:28,28602,98.9,6.80E-12,,,,,,
1,00:00:28,28602,98.95,7.04E-12,,,,,,
1,00:00:28,28602,99,6.91E-12,,,,,,
1,00:00:28,28602,99.05,6.69E-12,,,,,,
1,00:00:28,28602,99.1,6.56E-12,,,,,,
1,00:00:28,28602,99.15,6.99E-12,,,,,,
1,00:00:28,28602,99.2,6.69E-12,,,,,,
1,00:00:28,28602,99.25,7.42E-12,,,,,,
1,00:00:28,28602,99.3,6.69E-12,,,,,,
1,00:00:28,28602,99.35,7.18E-12,,,,,,
1,00:00:28,28602,99.4,6.24E-12,,,,,,
1,00:00:28,28602,99.45,6.21E-12,,,,,,
1,00:00:28,28602,99.5,5.51E-12,,,,,,
1,00:00:28,28602,99.55,4.95E-12,,,,,,
1,00:00:28,28602,99.6,4.60E-12,,,,,,
1,00:00:28,28602,99.65,4.17E-12,,,,,,
1,00:00:28,28602,99.7,4.30E-12,,,,,,
1,00:00:28,28602,99.75,4.60E-12,,,,,,
1,00:00:28,28602,99.8,4.11E-12,,,,,,
1,00:00:28,28602,99.85,4.62E-12,,,,,,
1,00:00:28,28602,99.9,4.81E-12,,,,,,
1,00:00:28,28602,99.95,4.00E-12,,,,,,
1,00:00:28,28602,100,4.27E-12,,,,,,
