user name	jhellstr																										
information																											
RGA info	QMG220 - 64-D2-41-02-38-BD																										
Active Filament	Filament 1 active																										
Ion Source Type	HIGH SENSITIVITY																										
Emission Current ( IS220-1)	2.000000																										
Protection current (IS220-1)	3.500000																										
RF Polarity	NEGATIVE																										
Ion reference (IS220-1.V01)	150.000000																										
Cathode ( IS220-1.V02)	-65.000000																										
Focus (IS220-1)	-11.000000																										
Field axis (IS220-1.V04)	-7.000000																										
Extraction (IS220-1.V05)	-35.000000																										
SEM STATE	SEM VOLTAGE																										
ON	1000.000000																										
EP1 OFFSET E-05	-0.00000000030521302152																										
EP1 OFFSET E-06	-0.00000000088511781238																										
EP1 OFFSET E-07	-0.00000000000305213038																										
EP1 OFFSET E-08	-0.00000000000885117847																										
EP1 OFFSET E-09	0.00000000000009156391																										
EP1 OFFSET E-10	-0.00000000000003967769																										
EP1 OFFSET E-11	0.00000000000004272983																										
EP1 OFFSET E-12	0.00000000000003616774																										
mass 2_time	mass 2_value	mass 4_time	mass 4_value	mass 14_time	mass 14_value	mass 15_time	mass 15_value	mass 16_time	mass 16_value	mass 18_time	mass 18_value	mass 26_time	mass 26_value	mass 28_time	mass 28_value	mass 39_time	mass 39_value	mass 40_time	mass 40_value	mass 41_time	mass 41_value	mass 44_time	mass 44_value	mass 83_time	mass 83_value	mass 84_time	mass 84_value
2018/08/21 13:43:30	0.00000000150797352383	2018/08/21 13:43:31	0.00000000004278336713	2018/08/21 13:43:32	0.00000000001374712583	2018/08/21 13:43:33	0.00000000001557650016	2018/08/21 13:43:34	0.00000000024088528394	2018/08/21 13:43:36	0.00000000017921249207	2018/08/21 13:43:37	0.00000000000279325044	2018/08/21 13:43:38	0.00000000022190828342	2018/08/21 13:43:39	0.00000000000056776215	2018/08/21 13:43:40	0.00000000000028819465	2018/08/21 13:43:41	0.00000000000038100949	2018/08/21 13:43:42	0.00000000004750870530	2018/08/21 13:43:43	0.00000000000006630472	2018/08/21 13:43:29	0.00000000000023610592
2018/08/21 13:43:45	0.00000000146322776118	2018/08/21 13:43:46	0.00000000004145934984	2018/08/21 13:43:47	0.00000000001344309993	2018/08/21 13:43:48	0.00000000001501782206	2018/08/21 13:43:49	0.00000000023343871280	2018/08/21 13:43:50	0.00000000017269990993	2018/08/21 13:43:52	0.00000000000256290909	2018/08/21 13:43:52	0.00000000021353240010	2018/08/21 13:43:54	0.00000000000052763767	2018/08/21 13:43:55	0.00000000000033460124	2018/08/21 13:43:56	0.00000000000036394948	2018/08/21 13:43:57	0.00000000004618499333	2018/08/21 13:43:58	0.00000000000004940343	2018/08/21 13:43:44	0.00000000000006816309
2018/08/21 13:44:00	0.00000000142920586477	2018/08/21 13:44:01	0.00000000004036953757	2018/08/21 13:44:02	0.00000000001274094545	2018/08/21 13:44:03	0.00000000001473843270	2018/08/21 13:44:04	0.00000000022758846197	2018/08/21 13:44:05	0.00000000016616716336	2018/08/21 13:44:06	0.00000000000256156359	2018/08/21 13:44:07	0.00000000020713065985	2018/08/21 13:44:08	0.00000000000053951055	2018/08/21 13:44:10	0.00000000000029612155	2018/08/21 13:44:10	0.00000000000034384830	2018/08/21 13:44:12	0.00000000004431833373	2018/08/21 13:44:13	0.00000000000006538624	2018/08/21 13:43:59	0.00000000000006102323
2018/08/21 13:44:15	0.00000000139328004689	2018/08/21 13:44:16	0.00000000004025385233	2018/08/21 13:44:17	0.00000000001272069516	2018/08/21 13:44:18	0.00000000001417116077	2018/08/21 13:44:19	0.00000000022312099390	2018/08/21 13:44:20	0.00000000016616716336	2018/08/21 13:44:21	0.00000000000251426701	2018/08/21 13:44:22	0.00000000020713065985	2018/08/21 13:44:23	0.00000000000054312652	2018/08/21 13:44:24	0.00000000000027257905	2018/08/21 13:44:25	0.00000000000033910556	2018/08/21 13:44:26	0.00000000004392720909	2018/08/21 13:44:27	0.00000000000004458536	2018/08/21 13:44:14	0.00000000000004987973
2018/08/21 13:44:30	0.00000000137212086138	2018/08/21 13:44:31	0.00000000004012795304	2018/08/21 13:44:32	0.00000000001288395692	2018/08/21 13:44:33	0.00000000001408229696	2018/08/21 13:44:34	0.00000000021935338268	2018/08/21 13:44:35	0.00000000016279812221	2018/08/21 13:44:36	0.00000000000247848009	2018/08/21 13:44:37	0.00000000020140118739	2018/08/21 13:44:38	0.00000000000056371249	2018/08/21 13:44:39	0.00000000000026343429	2018/08/21 13:44:40	0.00000000000031034772	2018/08/21 13:44:41	0.00000000004353426300	2018/08/21 13:44:42	0.00000000000005836180	2018/08/21 13:44:29	0.00000000000005211635
2018/08/21 13:44:44	0.00000000135466571294	2018/08/21 13:44:45	0.00000000004043614402	2018/08/21 13:44:46	0.00000000001237720516	2018/08/21 13:44:48	0.00000000001370442215	2018/08/21 13:44:49	0.00000000021589244281	2018/08/21 13:44:50	0.00000000015587858782	2018/08/21 13:44:51	0.00000000000236794265	2018/08/21 13:44:52	0.00000000019826233710	2018/08/21 13:44:53	0.00000000000050511055	2018/08/21 13:44:54	0.00000000000029738446	2018/08/21 13:44:55	0.00000000000031491555	2018/08/21 13:44:56	0.00000000004259535433	2018/08/21 13:44:57	0.00000000000005503631	2018/08/21 13:44:43	0.00000000000005751879
2018/08/21 13:44:59	0.00000000133550115411	2018/08/21 13:45:00	0.00000000003951845448	2018/08/21 13:45:01	0.00000000001185479666	2018/08/21 13:45:02	0.00000000001380911878	2018/08/21 13:45:03	0.00000000021457466359	2018/08/21 13:45:04	0.00000000015399788389	2018/08/21 13:45:06	0.00000000000239857765	2018/08/21 13:45:07	0.00000000019412604857	2018/08/21 13:45:08	0.00000000000053601833	2018/08/21 13:45:09	0.00000000000026777937	2018/08/21 13:45:10	0.00000000000028446605	2018/08/21 13:45:11	0.00000000004136004733	2018/08/21 13:45:12	0.00000000000005149021	2018/08/21 13:44:58	0.00000000000004608504
2018/08/21 13:45:14	0.00000000132242450324	2018/08/21 13:45:15	0.00000000004068192658	2018/08/21 13:45:16	0.00000000001182632377	2018/08/21 13:45:17	0.00000000001389975201	2018/08/21 13:45:18	0.00000000021056875688	2018/08/21 13:45:19	0.00000000015023809974	2018/08/21 13:45:20	0.00000000000230441859	2018/08/21 13:45:21	0.00000000019240248283	2018/08/21 13:45:22	0.00000000000048271483	2018/08/21 13:45:23	0.00000000000028821195	2018/08/21 13:45:25	0.00000000000029856740	2018/08/21 13:45:26	0.00000000004091311664	2018/08/21 13:45:27	0.00000000000005938623	2018/08/21 13:45:13	0.00000000000004943554
2018/08/21 13:45:29	0.00000000130986521629	2018/08/21 13:45:30	0.00000000004029256789	2018/08/21 13:45:31	0.00000000001152260232	2018/08/21 13:45:32	0.00000000001350085842	2018/08/21 13:45:33	0.00000000020880668028	2018/08/21 13:45:34	0.00000000014916853863	2018/08/21 13:45:35	0.00000000000245413303	2018/08/21 13:45:36	0.00000000019070532653	2018/08/21 13:45:37	0.00000000000048920346	2018/08/21 13:45:38	0.00000000000026881695	2018/08/21 13:45:39	0.00000000000032685592	2018/08/21 13:45:40	0.00000000003997332673	2018/08/21 13:45:41	0.00000000000004947642	2018/08/21 13:45:28	0.00000000000006819124
2018/08/21 13:45:44	0.00000000129953192651	2018/08/21 13:45:45	0.00000000004133587223	2018/08/21 13:45:46	0.00000000001175701463	2018/08/21 13:45:47	0.00000000001356018856	2018/08/21 13:45:48	0.00000000020736865003	2018/08/21 13:45:49	0.00000000014644983837	2018/08/21 13:45:50	0.00000000000236295445	2018/08/21 13:45:51	0.00000000018848383965	2018/08/21 13:45:52	0.00000000000049285299	2018/08/21 13:45:53	0.00000000000026124315	2018/08/21 13:45:54	0.00000000000031923910	2018/08/21 13:45:55	0.00000000003990932584	2018/08/21 13:45:56	0.00000000000006250063	2018/08/21 13:45:43	0.00000000000005583004
2018/08/21 13:45:58	0.00000000128953348000	2018/08/21 13:45:59	0.00000000003965132389	2018/08/21 13:46:01	0.00000000001174185575	2018/08/21 13:46:02	0.00000000001380506473	2018/08/21 13:46:03	0.00000000020511445320	2018/08/21 13:46:04	0.00000000014558612649	2018/08/21 13:46:05	0.00000000000222214564	2018/08/21 13:46:06	0.00000000018502037402	2018/08/21 13:46:07	0.00000000000051058620	2018/08/21 13:46:08	0.00000000000025930042	2018/08/21 13:46:09	0.00000000000031923910	2018/08/21 13:46:10	0.00000000003971959914	2018/08/21 13:46:11	0.00000000000004907598	2018/08/21 13:45:57	0.00000000000005246338
2018/08/21 13:46:13	0.00000000128276389511	2018/08/21 13:46:14	0.00000000003991770803	2018/08/21 13:46:15	0.00000000001185012592	2018/08/21 13:46:16	0.00000000001342593831	2018/08/21 13:46:17	0.00000000020561607972	2018/08/21 13:46:19	0.00000000014332160458	2018/08/21 13:46:19	0.00000000000237857217	2018/08/21 13:46:21	0.00000000018511908673	2018/08/21 13:46:22	0.00000000000046461646	2018/08/21 13:46:23	0.00000000000031010486	2018/08/21 13:46:24	0.00000000000030061706	2018/08/21 13:46:25	0.00000000003887355368	2018/08/21 13:46:26	0.00000000000006337854	2018/08/21 13:46:12	0.00000000000005544529
2018/08/21 13:46:29	0.00000000127841670583	2018/08/21 13:46:30	0.00000000000000000000	2018/08/21 13:46:30	0.00000000000000000000	2018/08/21 13:48:51	0.00000000001310800080	2018/08/21 13:48:52	0.00000000019867979484	2018/08/21 13:48:53	0.00000000013340890892	2018/08/21 13:48:54	0.00000000000238132300	2018/08/21 13:48:55	0.00000000017751716763	2018/08/21 13:48:56	0.00000000000044648413	2018/08/21 13:48:58	0.00000000000024706837	2018/08/21 13:48:59	0.00000000000032286432	2018/08/21 13:49:00	0.00000000003648327473	2018/08/21 13:49:01	0.00000000000006524460	2018/08/21 13:46:27	0.00000000000005866854
2018/08/21 13:49:03	0.00000000126493859831	2018/08/21 13:48:49	0.00000000004007310456	2018/08/21 13:48:50	0.00000000001161073928	2018/08/21 13:49:06	0.00000000001292181813	2018/08/21 13:49:07	0.00000000019654315675	2018/08/21 13:49:08	0.00000000013134646148	2018/08/21 13:49:09	0.00000000000223029993	2018/08/21 13:49:10	0.00000000017686103970	2018/08/21 13:49:11	0.00000000000042369198	2018/08/21 13:49:12	0.00000000000027968448	2018/08/21 13:49:14	0.00000000000030280802	2018/08/21 13:49:14	0.00000000003622693465	2018/08/21 13:49:15	0.00000000000005339294	2018/08/21 13:49:02	0.00000000000006027470
2018/08/21 13:49:18	0.00000000126072652318	2018/08/21 13:49:04	0.00000000004011417587	2018/08/21 13:49:05	0.00000000001127323495	2018/08/21 13:49:21	0.00000000001281830805	2018/08/21 13:49:22	0.00000000019399723494	2018/08/21 13:49:23	0.00000000013020208522	2018/08/21 13:49:24	0.00000000000216056036	2018/08/21 13:49:25	0.00000000017494873605	2018/08/21 13:49:26	0.00000000000046980941	2018/08/21 13:49:27	0.00000000000021444385	2018/08/21 13:49:28	0.00000000000030133995	2018/08/21 13:49:29	0.00000000003603744039	2018/08/21 13:49:30	0.00000000000005897021	2018/08/21 13:49:17	0.00000000000005324687
2018/08/21 13:49:33	0.00000000125403587514	2018/08/21 13:49:19	0.00000000003987956840	2018/08/21 13:49:20	0.00000000001079930069	2018/08/21 13:49:36	0.00000000001296587143	2018/08/21 13:49:37	0.00000000019197493595	2018/08/21 13:49:38	0.00000000012896560209	2018/08/21 13:49:39	0.00000000000213108546	2018/08/21 13:49:40	0.00000000017205013803	2018/08/21 13:49:41	0.00000000000047444530	2018/08/21 13:49:42	0.00000000000023806941	2018/08/21 13:49:43	0.00000000000034775961	2018/08/21 13:49:44	0.00000000003629839831	2018/08/21 13:49:45	0.00000000000005747207	2018/08/21 13:49:31	0.00000000000006547057
2018/08/21 13:49:47	0.00000000124912724608	2018/08/21 13:49:33	0.00000000004025752648	2018/08/21 13:49:34	0.00000000001111355539	2018/08/21 13:49:50	0.00000000001272270136	2018/08/21 13:49:52	0.00000000019149982988	2018/08/21 13:49:52	0.00000000012846962383	2018/08/21 13:49:54	0.00000000000223166364	2018/08/21 13:49:55	0.00000000017174711653	2018/08/21 13:49:56	0.00000000000044566634	2018/08/21 13:49:57	0.00000000000021757806	2018/08/21 13:49:58	0.00000000000027993406	2018/08/21 13:49:59	0.00000000003574668339	2018/08/21 13:50:00	0.00000000000004290931	2018/08/21 13:49:46	0.00000000000007231646
2018/08/21 13:50:02	0.00000000124583143801	2018/08/21 13:49:48	0.00000000004087935893	2018/08/21 13:49:49	0.00000000001129697117	2018/08/21 13:50:05	0.00000000001258700349	2018/08/21 13:50:06	0.00000000018966088422	2018/08/21 13:50:07	0.00000000012639934932	2018/08/21 13:50:08	0.00000000000217750470	2018/08/21 13:50:09	0.00000000017146244147	2018/08/21 13:50:10	0.00000000000044538513	2018/08/21 13:50:12	0.00000000000026085538	2018/08/21 13:50:13	0.00000000000027181271	2018/08/21 13:50:14	0.00000000003504513693	2018/08/21 13:50:15	0.00000000000005352020	2018/08/21 13:50:01	0.00000000000005335750
2018/08/21 13:50:17	0.00000000124426735582	2018/08/21 13:50:03	0.00000000003975158744	2018/08/21 13:50:04	0.00000000001065194200	2018/08/21 13:50:20	0.00000000001275158364	2018/08/21 13:50:21	0.00000000019063033097	2018/08/21 13:50:22	0.00000000012590108123	2018/08/21 13:50:23	0.00000000000215335844	2018/08/21 13:50:24	0.00000000016989475105	2018/08/21 13:50:25	0.00000000000046570218	2018/08/21 13:50:26	0.00000000000024397530	2018/08/21 13:50:27	0.00000000000023826741	2018/08/21 13:50:28	0.00000000003500962020	2018/08/21 13:50:29	0.00000000000005513218	2018/08/21 13:50:16	0.00000000000006232181
2018/08/21 13:50:32	0.00000000123899202009	2018/08/21 13:50:18	0.00000000004023182482	2018/08/21 13:50:19	0.00000000001088680795	2018/08/21 13:50:35	0.00000000001291745617	2018/08/21 13:50:36	0.00000000018903899279	2018/08/21 13:50:37	0.00000000012561972296	2018/08/21 13:50:38	0.00000000000216430823	2018/08/21 13:50:39	0.00000000016901735567	2018/08/21 13:50:40	0.00000000000042445453	2018/08/21 13:50:41	0.00000000000025228916	2018/08/21 13:50:42	0.00000000000031208415	2018/08/21 13:50:43	0.00000000003539466983	2018/08/21 13:50:44	0.00000000000005384234	2018/08/21 13:50:31	0.00000000000005590128
2018/08/21 13:50:46	0.00000000123924126516	2018/08/21 13:50:33	0.00000000004011901575	2018/08/21 13:50:34	0.00000000001066307893	2018/08/21 13:50:50	0.00000000001269326397	2018/08/21 13:50:51	0.00000000018752541187	2018/08/21 13:50:52	0.00000000012359370472	2018/08/21 13:50:53	0.00000000000219190117	2018/08/21 13:50:54	0.00000000016789991619	2018/08/21 13:50:55	0.00000000000044136282	2018/08/21 13:50:56	0.00000000000027107716	2018/08/21 13:50:57	0.00000000000031208415	2018/08/21 13:50:58	0.00000000003487486688	2018/08/21 13:50:59	0.00000000000004548573	2018/08/21 13:50:45	0.00000000000005378341
2018/08/21 13:51:01	0.00000000123084398229	2018/08/21 13:50:47	0.00000000004021040445	2018/08/21 13:50:49	0.00000000001107249015	2018/08/21 13:51:04	0.00000000001272929852	2018/08/21 13:51:05	0.00000000018689581827	2018/08/21 13:51:07	0.00000000012310297226	2018/08/21 13:51:08	0.00000000000221746341	2018/08/21 13:51:09	0.00000000016743915976	2018/08/21 13:51:10	0.00000000000045637149	2018/08/21 13:51:11	0.00000000000022042337	2018/08/21 13:51:12	0.00000000000025507935	2018/08/21 13:51:13	0.00000000003448160160	2018/08/21 13:51:14	0.00000000000004877378	2018/08/21 13:51:00	0.00000000000005078118
2018/08/21 13:51:16	0.00000000123178978129	2018/08/21 13:51:02	0.00000000003888746269	2018/08/21 13:51:03	0.00000000001111170878	2018/08/21 13:51:19	0.00000000001305085207	2018/08/21 13:51:20	0.00000000018640416988	2018/08/21 13:51:21	0.00000000012304318675	2018/08/21 13:51:23	0.00000000000213202004	2018/08/21 13:51:24	0.00000000016721558860	2018/08/21 13:51:25	0.00000000000046113173	2018/08/21 13:51:26	0.00000000000026298847	2018/08/21 13:51:27	0.00000000000030469120	2018/08/21 13:51:28	0.00000000003395837084	2018/08/21 13:51:29	0.00000000000004930044	2018/08/21 13:51:15	0.00000000000005210382
2018/08/21 13:51:31	0.00000000122789112211	2018/08/21 13:51:17	0.00000000003935815215	2018/08/21 13:51:18	0.00000000001072291908	2018/08/21 13:51:34	0.00000000001248231553	2018/08/21 13:51:35	0.00000000018546014724	2018/08/21 13:51:36	0.00000000011998690930	2018/08/21 13:51:37	0.00000000000202621036	2018/08/21 13:51:38	0.00000000016583649731	2018/08/21 13:51:40	0.00000000000042124656	2018/08/21 13:51:40	0.00000000000027781328	2018/08/21 13:51:41	0.00000000000031856554	2018/08/21 13:51:43	0.00000000003372535584	2018/08/21 13:51:44	0.00000000000005445184	2018/08/21 13:51:30	0.00000000000006928489
2018/08/21 13:51:46	0.00000000122588428297	2018/08/21 13:51:32	0.00000000003966000792	2018/08/21 13:51:33	0.00000000001133628087	2018/08/21 13:51:49	0.00000000001231686107	2018/08/21 13:51:50	0.00000000018461501772	2018/08/21 13:51:51	0.00000000012100843938	2018/08/21 13:51:52	0.00000000000206682089	2018/08/21 13:51:53	0.00000000016479052845	2018/08/21 13:51:54	0.00000000000044031448	2018/08/21 13:51:55	0.00000000000021577420	2018/08/21 13:51:56	0.00000000000025196360	2018/08/21 13:51:57	0.00000000003369785354	2018/08/21 13:51:58	0.00000000000005300011	2018/08/21 13:51:45	0.00000000000006782261
2018/08/21 13:52:01	0.00000000122269860903	2018/08/21 13:51:47	0.00000000003979764782	2018/08/21 13:51:48	0.00000000001103479374	2018/08/21 13:52:04	0.00000000001243397659	2018/08/21 13:52:05	0.00000000018432473603	2018/08/21 13:52:06	0.00000000011907659581	2018/08/21 13:52:07	0.00000000000213527178	2018/08/21 13:52:08	0.00000000016427835481	2018/08/21 13:52:09	0.00000000000040342661	2018/08/21 13:52:10	0.00000000000026503111	2018/08/21 13:52:11	0.00000000000027933759	2018/08/21 13:52:12	0.00000000003350865072	2018/08/21 13:52:13	0.00000000000005226469	2018/08/21 13:51:59	0.00000000000006440588
2018/08/21 13:52:15	0.00000000122203525077	2018/08/21 13:52:02	0.00000000003873359966	2018/08/21 13:52:03	0.00000000001104593760	2018/08/21 13:52:18	0.00000000001264606996	2018/08/21 13:52:20	0.00000000018397440515	2018/08/21 13:52:21	0.00000000011881394479	2018/08/21 13:52:22	0.00000000000209743941	2018/08/21 13:52:23	0.00000000016394015312	2018/08/21 13:52:24	0.00000000000044442721	2018/08/21 13:52:25	0.00000000000024885890	2018/08/21 13:52:26	0.00000000000024883310	2018/08/21 13:52:27	0.00000000003296489470	2018/08/21 13:52:28	0.00000000000005256301	2018/08/21 13:52:14	0.00000000000005692408
2018/08/21 13:52:30	0.00000000122042231876	2018/08/21 13:52:16	0.00000000003910772747	2018/08/21 13:52:17	0.00000000001081851969	2018/08/21 13:52:33	0.00000000001268761225	2018/08/21 13:52:34	0.00000000018477788744	2018/08/21 13:52:35	0.00000000011833360680	2018/08/21 13:52:36	0.00000000000209743941	2018/08/21 13:52:38	0.00000000016311278717	2018/08/21 13:52:39	0.00000000000039317686	2018/08/21 13:52:40	0.00000000000020987987	2018/08/21 13:52:41	0.00000000000026708347	2018/08/21 13:52:42	0.00000000003282919075	2018/08/21 13:52:43	0.00000000000004987672	2018/08/21 13:52:29	0.00000000000006090906
2018/08/21 13:52:45	0.00000000121965415545	2018/08/21 13:52:31	0.00000000003945858223	2018/08/21 13:52:32	0.00000000001093552592	2018/08/21 13:52:48	0.00000000001270321608	2018/08/21 13:52:49	0.00000000018371459909	2018/08/21 13:52:50	0.00000000011721758286	2018/08/21 13:52:51	0.00000000000215939918	2018/08/21 13:52:52	0.00000000016188675400	2018/08/21 13:52:54	0.00000000000046775230	2018/08/21 13:52:54	0.00000000000025395539	2018/08/21 13:52:56	0.00000000000026954329	2018/08/21 13:52:57	0.00000000003297818268	2018/08/21 13:52:58	0.00000000000005312109	2018/08/21 13:52:44	0.00000000000004990540
2018/08/21 13:53:00	0.00000000121582366397	2018/08/21 13:52:46	0.00000000003877928534	2018/08/21 13:52:47	0.00000000001055301679	2018/08/21 13:53:03	0.00000000001276003869	2018/08/21 13:53:04	0.00000000018074056141	2018/08/21 13:53:05	0.00000000011675167777	2018/08/21 13:53:06	0.00000000000195365881	2018/08/21 13:53:07	0.00000000016211421094	2018/08/21 13:53:08	0.00000000000042664068	2018/08/21 13:53:09	0.00000000000026401830	2018/08/21 13:53:10	0.00000000000025724697	2018/08/21 13:53:12	0.00000000003252939584	2018/08/21 13:53:12	0.00000000000004848736	2018/08/21 13:52:59	0.00000000000005733425
2018/08/21 13:53:15	0.00000000121925225471	2018/08/21 13:53:01	0.00000000003862216102	2018/08/21 13:53:02	0.00000000001057515880	2018/08/21 13:53:18	0.00000000001259778306	2018/08/21 13:53:19	0.00000000018115989264	2018/08/21 13:53:20	0.00000000011774735353	2018/08/21 13:53:21	0.00000000000213001210	2018/08/21 13:53:22	0.00000000016041599993	2018/08/21 13:53:23	0.00000000000046168391	2018/08/21 13:53:24	0.00000000000025141748	2018/08/21 13:53:25	0.00000000000028527346	2018/08/21 13:53:26	0.00000000003279320912	2018/08/21 13:53:27	0.00000000000005854385	2018/08/21 13:53:13	0.00000000000005573421
2018/08/21 13:53:29	0.00000000121411425358	2018/08/21 13:53:16	0.00000000003883037294	2018/08/21 13:53:17	0.00000000001051301234	2018/08/21 13:53:32	0.00000000001209271919	2018/08/21 13:53:34	0.00000000018086146469	2018/08/21 13:53:35	0.00000000011545434053	2018/08/21 13:53:36	0.00000000000202696627	2018/08/21 13:53:37	0.00000000016095497157	2018/08/21 13:53:38	0.00000000000039607965	2018/08/21 13:53:39	0.00000000000020960452	2018/08/21 13:53:40	0.00000000000029239781	2018/08/21 13:53:41	0.00000000003231170193	2018/08/21 13:53:42	0.00000000000006546344	2018/08/21 13:53:28	0.00000000000005833032
2018/08/21 13:53:44	0.00000000120880039312	2018/08/21 13:53:30	0.00000000003910004265	2018/08/21 13:53:32	0.00000000001038222112	2018/08/21 13:53:47	0.00000000001252653016	2018/08/21 13:53:48	0.00000000017980077149	2018/08/21 13:53:49	0.00000000011544073336	2018/08/21 13:53:50	0.00000000000218012956	2018/08/21 13:53:52	0.00000000016073103959	2018/08/21 13:53:53	0.00000000000039753327	2018/08/21 13:53:54	0.00000000000022020164	2018/08/21 13:53:55	0.00000000000033174269	2018/08/21 13:53:56	0.00000000003276472496	2018/08/21 13:53:57	0.00000000000005220624	2018/08/21 13:53:43	0.00000000000006108426
2018/08/21 13:53:59	0.00000000121329801761	2018/08/21 13:53:45	0.00000000003894466347	2018/08/21 13:53:46	0.00000000001081753177	2018/08/21 13:54:02	0.00000000001244170739	2018/08/21 13:54:03	0.00000000017859017043	2018/08/21 13:54:04	0.00000000011526813531	2018/08/21 13:54:05	0.00000000000199745103	2018/08/21 13:54:06	0.00000000015909533413	2018/08/21 13:54:07	0.00000000000040140254	2018/08/21 13:54:09	0.00000000000024526485	2018/08/21 13:54:10	0.00000000000028593997	2018/08/21 13:54:11	0.00000000003236656429	2018/08/21 13:54:12	0.00000000000004557640	2018/08/21 13:53:58	0.00000000000005301167
2018/08/21 13:54:14	0.00000000120661625136	2018/08/21 13:54:00	0.00000000003879957119	2018/08/21 13:54:01	0.00000000001043907669	2018/08/21 13:54:17	0.00000000001223422405	2018/08/21 13:54:18	0.00000000017885662396	2018/08/21 13:54:19	0.00000000011428253482	2018/08/21 13:54:20	0.00000000000208164128	2018/08/21 13:54:21	0.00000000015931998776	2018/08/21 13:54:22	0.00000000000043914351	2018/08/21 13:54:23	0.00000000000025760072	2018/08/21 13:54:24	0.00000000000028460911	2018/08/21 13:54:26	0.00000000003205913660	2018/08/21 13:54:27	0.00000000000005550434	2018/08/21 13:54:13	0.00000000000005871098
2018/08/21 13:54:29	0.00000000120992160735	2018/08/21 13:54:15	0.00000000003900640921	2018/08/21 13:54:16	0.00000000001067500081	2018/08/21 13:54:32	0.00000000001245234211	2018/08/21 13:54:33	0.00000000017957915710	2018/08/21 13:54:34	0.00000000011405184436	2018/08/21 13:54:35	0.00000000000205858009	2018/08/21 13:54:36	0.00000000015815027066	2018/08/21 13:54:37	0.00000000000045968356	2018/08/21 13:54:38	0.00000000000021329261	2018/08/21 13:54:39	0.00000000000031542656	2018/08/21 13:54:40	0.00000000003233362536	2018/08/21 13:54:41	0.00000000000004925343	2018/08/21 13:54:28	0.00000000000005706796
2018/08/21 13:54:43	0.00000000120526388869	2018/08/21 13:54:30	0.00000000003815441019	2018/08/21 13:54:31	0.00000000001076012023	2018/08/21 13:54:47	0.00000000001245465796	2018/08/21 13:54:48	0.00000000017801063401	2018/08/21 13:54:49	0.00000000011304236713	2018/08/21 13:54:50	0.00000000000207634821	2018/08/21 13:54:51	0.00000000015854438595	2018/08/21 13:54:52	0.00000000000043393240	2018/08/21 13:54:53	0.00000000000022461957	2018/08/21 13:54:54	0.00000000000025305130	2018/08/21 13:54:55	0.00000000003205597940	2018/08/21 13:54:56	0.00000000000005270191	2018/08/21 13:54:42	0.00000000000005041356
2018/08/21 13:54:58	0.00000000120780452306	2018/08/21 13:54:44	0.00000000003846389526	2018/08/21 13:54:46	0.00000000001015340503	2018/08/21 13:55:01	0.00000000001262620477	2018/08/21 13:55:02	0.00000000017685392040	2018/08/21 13:55:04	0.00000000011314966325	2018/08/21 13:55:05	0.00000000000205480706	2018/08/21 13:55:06	0.00000000015729390013	2018/08/21 13:55:07	0.00000000000043286750	2018/08/21 13:55:08	0.00000000000022461957	2018/08/21 13:55:09	0.00000000000025947490	2018/08/21 13:55:10	0.00000000003152868244	2018/08/21 13:55:11	0.00000000000004719511	2018/08/21 13:54:57	0.00000000000005041356
2018/08/21 13:55:13	0.00000000120547682947	2018/08/21 13:54:59	0.00000000003863937295	2018/08/21 13:55:01	0.00000000001032108860	2018/08/21 13:55:16	0.00000000001224967783	2018/08/21 13:55:17	0.00000000017837918642	2018/08/21 13:55:18	0.00000000011082667423	2018/08/21 13:55:19	0.00000000000196165241	2018/08/21 13:55:21	0.00000000015702264489	2018/08/21 13:55:22	0.00000000000043341771	2018/08/21 13:55:23	0.00000000000024451437	2018/08/21 13:55:24	0.00000000000035643453	2018/08/21 13:55:25	0.00000000003310335339	2018/08/21 13:55:26	0.00000000000005226654	2018/08/21 13:55:12	0.00000000000005614181
2018/08/21 13:55:28	0.00000000121647869555	2018/08/21 13:55:14	0.00000000003871408055	2018/08/21 13:55:15	0.00000000001014200182	2018/08/21 13:55:31	0.00000000001515589564	2018/08/21 13:55:32	0.00000000017897443250	2018/08/21 13:55:33	0.00000000011191400584	2018/08/21 13:55:34	0.00000000000214879286	2018/08/21 13:55:35	0.00000000016027368321	2018/08/21 13:55:36	0.00000000000042778216	2018/08/21 13:55:37	0.00000000000024064274	2018/08/21 13:55:38	0.00000000000024231975	2018/08/21 13:55:40	0.00000000003228852255	2018/08/21 13:55:41	0.00000000000005420893	2018/08/21 13:55:27	0.00000000000005694524
2018/08/21 13:55:43	0.00000000128297561464	2018/08/21 13:55:29	0.00000000003962662143	2018/08/21 13:55:30	0.00000000001370817175	2018/08/21 13:55:46	0.00000000001299057389	2018/08/21 13:55:47	0.00000000018137158442	2018/08/21 13:55:48	0.00000000011474864114	2018/08/21 13:55:49	0.00000000000223185728	2018/08/21 13:55:50	0.00000000018375802269	2018/08/21 13:55:51	0.00000000000052258626	2018/08/21 13:55:52	0.00000000000023364438	2018/08/21 13:55:53	0.00000000000031940566	2018/08/21 13:55:55	0.00000000004180418858	2018/08/21 13:55:55	0.00000000000006566168	2018/08/21 13:55:42	0.00000000000005170002
2018/08/21 13:55:57	0.00000000314976644766	2018/08/21 13:55:44	0.00000000003836057166	2018/08/21 13:55:45	0.00000000001090014797	2018/08/21 13:56:01	0.00000000091369634081	2018/08/21 13:56:02	0.00000000227286145460	2018/08/21 13:56:03	0.00000000016690604454	2018/08/21 13:56:04	0.00000000013981753255	2018/08/21 13:56:05	0.00000000660449295253	2018/08/21 13:56:06	0.00000000000550327015	2018/08/21 13:56:07	0.00000000000221633714	2018/08/21 13:56:08	0.00000000000188653043	2018/08/21 13:56:09	0.00000000007112617439	2018/08/21 13:56:10	0.00000000000007542092	2018/08/21 13:55:56	0.00000000000005640381
2018/08/21 13:56:12	0.00000000632834140646	2018/08/21 13:55:59	0.00000000001558833097	2018/08/21 13:56:00	0.00000000012969957053	2018/08/21 13:56:16	0.00000000001339551126	2018/08/21 13:56:17	0.00000000024580210090	2018/08/21 13:56:18	0.00000000018441038974	2018/08/21 13:56:19	0.00000000000702559668	2018/08/21 13:56:20	0.00000000066488825556	2018/08/21 13:56:21	0.00000000000132911575	2018/08/21 13:56:22	0.00000000000046261801	2018/08/21 13:56:23	0.00000000000087424284	2018/08/21 13:56:24	0.00000000010123506200	2018/08/21 13:56:25	0.00000000000006641673	2018/08/21 13:56:11	0.00000000000007934441
2018/08/21 13:56:27	0.00000000720010495669	2018/08/21 13:56:14	0.00000000003072531812	2018/08/21 13:56:14	0.00000000001538473862	2018/08/21 13:56:30	0.00000000001339551126	2018/08/21 13:56:31	0.00000000021297791308	2018/08/21 13:56:33	0.00000000019088829128	2018/08/21 13:56:34	0.00000000000649792112	2018/08/21 13:56:35	0.00000000058303883943	2018/08/21 13:56:36	0.00000000000120909760	2018/08/21 13:56:37	0.00000000000045065660	2018/08/21 13:56:38	0.00000000000075402428	2018/08/21 13:56:39	0.00000000009201218260	2018/08/21 13:56:40	0.00000000000005611191	2018/08/21 13:56:26	0.00000000000007129932
2018/08/21 13:56:42	0.00000000706081104695	2018/08/21 13:56:28	0.00000000002070458388	2018/08/21 13:56:29	0.00000000001344458659	2018/08/21 13:56:45	0.00000000001086813278	2018/08/21 13:56:46	0.00000000020775395293	2018/08/21 13:56:47	0.00000000019107178340	2018/08/21 13:56:48	0.00000000000604822052	2018/08/21 13:56:50	0.00000000055122428844	2018/08/21 13:56:50	0.00000000000105953440	2018/08/21 13:56:52	0.00000000000034613081	2018/08/21 13:56:53	0.00000000000073819856	2018/08/21 13:56:54	0.00000000008857359984	2018/08/21 13:56:55	0.00000000000005644415	2018/08/21 13:56:41	0.00000000000005523837
2018/08/21 13:56:57	0.00000000697305235775	2018/08/21 13:56:43	0.00000000002044314024	2018/08/21 13:56:44	0.00000000001253699661	2018/08/21 13:57:00	0.00000000001094059305	2018/08/21 13:57:01	0.00000000020447706028	2018/08/21 13:57:02	0.00000000019293847076	2018/08/21 13:57:03	0.00000000000610367876	2018/08/21 13:57:04	0.00000000053512710929	2018/08/21 13:57:05	0.00000000000122097059	2018/08/21 13:57:07	0.00000000000035074558	2018/08/21 13:57:07	0.00000000000066783200	2018/08/21 13:57:08	0.00000000008545383845	2018/08/21 13:57:09	0.00000000000006571221	2018/08/21 13:56:56	0.00000000000004695506
2018/08/21 13:57:12	0.00000000693209711855	2018/08/21 13:56:58	0.00000000002071514661	2018/08/21 13:56:59	0.00000000001223706553	2018/08/21 13:57:15	0.00000000001067160596	2018/08/21 13:57:16	0.00000000020541242318	2018/08/21 13:57:17	0.00000000019463812506	2018/08/21 13:57:18	0.00000000000590995135	2018/08/21 13:57:19	0.00000000052583026822	2018/08/21 13:57:20	0.00000000000118760210	2018/08/21 13:57:21	0.00000000000038891381	2018/08/21 13:57:22	0.00000000000063734109	2018/08/21 13:57:23	0.00000000008296528742	2018/08/21 13:57:24	0.00000000000005845801	2018/08/21 13:57:11	0.00000000000005941399
2018/08/21 13:57:26	0.00000000689523593778	2018/08/21 13:57:13	0.00000000002052699156	2018/08/21 13:57:14	0.00000000001215977232	2018/08/21 13:57:30	0.00000000001017177835	2018/08/21 13:57:31	0.00000000020202828299	2018/08/21 13:57:32	0.00000000019631654635	2018/08/21 13:57:33	0.00000000000602631660	2018/08/21 13:57:34	0.00000000051697607306	2018/08/21 13:57:35	0.00000000000110185179	2018/08/21 13:57:36	0.00000000000035600730	2018/08/21 13:57:37	0.00000000000067574060	2018/08/21 13:57:38	0.00000000008109208444	2018/08/21 13:57:39	0.00000000000005091381	2018/08/21 13:57:25	0.00000000000005511324
2018/08/21 13:57:41	0.00000000685934331557	2018/08/21 13:57:28	0.00000000002089018715	2018/08/21 13:57:29	0.00000000001203077308	2018/08/21 13:57:45	0.00000000000963819823	2018/08/21 13:57:46	0.00000000020171957160	2018/08/21 13:57:47	0.00000000019784408833	2018/08/21 13:57:48	0.00000000000619652159	2018/08/21 13:57:49	0.00000000051166298976	2018/08/21 13:57:50	0.00000000000123246183	2018/08/21 13:57:51	0.00000000000035868544	2018/08/21 13:57:52	0.00000000000066809281	2018/08/21 13:57:53	0.00000000008100140697	2018/08/21 13:57:54	0.00000000000005428578	2018/08/21 13:57:40	0.00000000000005667350
2018/08/21 13:57:56	0.00000000685449474958	2018/08/21 13:57:42	0.00000000002025357659	2018/08/21 13:57:43	0.00000000001166722535	2018/08/21 13:57:59	0.00000000001025884499	2018/08/21 13:58:01	0.00000000020258823785	2018/08/21 13:58:01	0.00000000019969018106	2018/08/21 13:58:02	0.00000000000595869794	2018/08/21 13:58:04	0.00000000050933268714	2018/08/21 13:58:05	0.00000000000122130366	2018/08/21 13:58:06	0.00000000000035868544	2018/08/21 13:58:07	0.00000000000062101789	2018/08/21 13:58:08	0.00000000008132450269	2018/08/21 13:58:09	0.00000000000004777166	2018/08/21 13:57:55	0.00000000000006843731
2018/08/21 13:58:11	0.00000000683125556122	2018/08/21 13:57:57	0.00000000002068350873	2018/08/21 13:57:58	0.00000000001163428381	2018/08/21 13:58:14	0.00000000001036530670	2018/08/21 13:58:15	0.00000000020097247477	2018/08/21 13:58:16	0.00000000019992223155	2018/08/21 13:58:17	0.00000000000570407914	2018/08/21 13:58:18	0.00000000050625975634	2018/08/21 13:58:19	0.00000000000115454250	2018/08/21 13:58:20	0.00000000000037724115	2018/08/21 13:58:22	0.00000000000070472062	2018/08/21 13:58:23	0.00000000008044943184	2018/08/21 13:58:24	0.00000000000005460855	2018/08/21 13:58:10	0.00000000000005726638
2018/08/21 13:58:26	0.00000000680602596503	2018/08/21 13:58:12	0.00000000002022451998	2018/08/21 13:58:13	0.00000000001145601843	2018/08/21 13:58:29	0.00000000000978316733	2018/08/21 13:58:30	0.00000000019951429397	2018/08/21 13:58:31	0.00000000020350802987	2018/08/21 13:58:32	0.00000000000584056935	2018/08/21 13:58:33	0.00000000050625975634	2018/08/21 13:58:34	0.00000000000111633099	2018/08/21 13:58:35	0.00000000000037903765	2018/08/21 13:58:36	0.00000000000069010309	2018/08/21 13:58:37	0.00000000007981452305	2018/08/21 13:58:39	0.00000000000005257158	2018/08/21 13:58:25	0.00000000000005488066
2018/08/21 13:58:41	0.00000000681058853758	2018/08/21 13:58:27	0.00000000002052857884	2018/08/21 13:58:28	0.00000000001218421284	2018/08/21 13:58:44	0.00000000001059086065	2018/08/21 13:58:45	0.00000000020193945127	2018/08/21 13:58:46	0.00000000020556513436	2018/08/21 13:58:47	0.00000000000599612113	2018/08/21 13:58:48	0.00000000050488030423	2018/08/21 13:58:49	0.00000000000113553535	2018/08/21 13:58:50	0.00000000000034916145	2018/08/21 13:58:51	0.00000000000074251358	2018/08/21 13:58:52	0.00000000007882400288	2018/08/21 13:58:53	0.00000000000006293097	2018/08/21 13:58:39	0.00000000000006343294
2018/08/21 13:58:55	0.00000000681393474977	2018/08/21 13:58:42	0.00000000001976131064	2018/08/21 13:58:43	0.00000000001159841233	2018/08/21 13:58:59	0.00000000001012130570	2018/08/21 13:59:00	0.00000000020185457472	2018/08/21 13:59:01	0.00000000020689820690	2018/08/21 13:59:02	0.00000000000577835609	2018/08/21 13:59:03	0.00000000050241888427	2018/08/21 13:59:04	0.00000000000109088823	2018/08/21 13:59:05	0.00000000000038954202	2018/08/21 13:59:06	0.00000000000069673000	2018/08/21 13:59:07	0.00000000007966090287	2018/08/21 13:59:08	0.00000000000006903291	2018/08/21 13:58:54	0.00000000000006343294
2018/08/21 13:59:10	0.00000000679572442763	2018/08/21 13:58:57	0.00000000002000904303	2018/08/21 13:58:58	0.00000000001127527498	2018/08/21 13:59:13	0.00000000000949330458	2018/08/21 13:59:15	0.00000000020021041769	2018/08/21 13:59:16	0.00000000020861438965	2018/08/21 13:59:17	0.00000000000578499575	2018/08/21 13:59:18	0.00000000049996168316	2018/08/21 13:59:19	0.00000000000117501852	2018/08/21 13:59:20	0.00000000000033213769	2018/08/21 13:59:21	0.00000000000071403110	2018/08/21 13:59:22	0.00000000007942188573	2018/08/21 13:59:23	0.00000000000005883525	2018/08/21 13:59:09	0.00000000000005177785
2018/08/21 13:59:25	0.00000000680230405337	2018/08/21 13:59:11	0.00000000002016462865	2018/08/21 13:59:12	0.00000000001129452348	2018/08/21 13:59:28	0.00000000000950769671	2018/08/21 13:59:29	0.00000000019969496889	2018/08/21 13:59:30	0.00000000020861483374	2018/08/21 13:59:31	0.00000000000592182813	2018/08/21 13:59:32	0.00000000049944626213	2018/08/21 13:59:33	0.00000000000114829402	2018/08/21 13:59:35	0.00000000000036282018	2018/08/21 13:59:36	0.00000000000067460203	2018/08/21 13:59:37	0.00000000007909199684	2018/08/21 13:59:38	0.00000000000004990220	2018/08/21 13:59:24	0.00000000000005925774
2018/08/21 13:59:40	0.00000000680739553616	2018/08/21 13:59:26	0.00000000001972456053	2018/08/21 13:59:27	0.00000000001099397049	2018/08/21 13:59:43	0.00000000000896271078	2018/08/21 13:59:44	0.00000000019992993372	2018/08/21 13:59:45	0.00000000021001511641	2018/08/21 13:59:46	0.00000000000589929754	2018/08/21 13:59:47	0.00000000049804493862	2018/08/21 13:59:48	0.00000000000113063974	2018/08/21 13:59:49	0.00000000000032040039	2018/08/21 13:59:50	0.00000000000068105265	2018/08/21 13:59:51	0.00000000007973879890	2018/08/21 13:59:53	0.00000000000004836270	2018/08/21 13:59:39	0.00000000000005463407
2018/08/21 13:59:55	0.00000000679169032125	2018/08/21 13:59:41	0.00000000001988336405	2018/08/21 13:59:42	0.00000000001100144715	2018/08/21 14:02:33	0.00000000001037943256	2018/08/21 14:02:34	0.00000000020732077166	2018/08/21 14:02:20	0.00000000022968871249	2018/08/21 14:02:21	0.00000000000605625662	2018/08/21 14:02:23	0.00000000050883824931	2018/08/21 14:02:24	0.00000000000123513070	2018/08/21 14:02:25	0.00000000000042359806	2018/08/21 14:02:26	0.00000000000066157176	2018/08/21 14:02:27	0.00000000008035722088	2018/08/21 14:02:28	0.00000000000005911822	2018/08/21 13:59:54	0.00000000000000000000
2018/08/21 13:59:56	0.00000000679169032125	2018/08/21 14:02:31	0.00000000001965501546	2018/08/21 14:02:32	0.00000000001156363113	2018/08/21 14:02:48	0.00000000001000189168	2018/08/21 14:02:49	0.00000000020598314721	2018/08/21 14:02:35	0.00000000023026670848	2018/08/21 14:02:36	0.00000000000597284722	2018/08/21 14:02:37	0.00000000050989679146	2018/08/21 14:02:38	0.00000000000120809222	2018/08/21 14:02:39	0.00000000000037656811	2018/08/21 14:02:40	0.00000000000062521982	2018/08/21 14:02:41	0.00000000008035722088	2018/08/21 14:02:43	0.00000000000005864011	2018/08/21 14:02:29	0.00000000000005798140
2018/08/21 14:02:30	0.00000000693844981470	2018/08/21 14:02:46	0.00000000002074063143	2018/08/21 14:02:47	0.00000000001166650283	2018/08/21 14:03:03	0.00000000000988709115	2018/08/21 14:03:04	0.00000000020514494270	2018/08/21 14:02:50	0.00000000023031783425	2018/08/21 14:02:51	0.00000000000600482988	2018/08/21 14:02:52	0.00000000050489368242	2018/08/21 14:02:53	0.00000000000120570784	2018/08/21 14:02:54	0.00000000000038069791	2018/08/21 14:02:55	0.00000000000062595648	2018/08/21 14:02:56	0.00000000008062656098	2018/08/21 14:02:57	0.00000000000005719935	2018/08/21 14:02:44	0.00000000000005497908
2018/08/21 14:02:45	0.00000000691875534642	2018/08/21 14:03:01	0.00000000001951807466	2018/08/21 14:03:02	0.00000000001164915473	2018/08/21 14:03:18	0.00000000001018472372	2018/08/21 14:03:19	0.00000000020599526251	2018/08/21 14:03:05	0.00000000023101920377	2018/08/21 14:03:06	0.00000000000594057052	2018/08/21 14:03:07	0.00000000050307746857	2018/08/21 14:03:08	0.00000000000119032453	2018/08/21 14:03:09	0.00000000000038647801	2018/08/21 14:03:10	0.00000000000072436561	2018/08/21 14:03:11	0.00000000007992077139	2018/08/21 14:03:12	0.00000000000005644028	2018/08/21 14:02:58	0.00000000000006072692
2018/08/21 14:03:00	0.00000000688607038057	2018/08/21 14:03:16	0.00000000002036371419	2018/08/21 14:03:16	0.00000000001158351540	2018/08/21 14:03:32	0.00000000000981232109	2018/08/21 14:03:33	0.00000000020538694356	2018/08/21 14:03:20	0.00000000023051953402	2018/08/21 14:03:21	0.00000000000613970636	2018/08/21 14:03:22	0.00000000050077686442	2018/08/21 14:03:23	0.00000000000117247043	2018/08/21 14:03:24	0.00000000000032580972	2018/08/21 14:03:25	0.00000000000067426717	2018/08/21 14:03:26	0.00000000007976466015	2018/08/21 14:03:27	0.00000000000005465235	2018/08/21 14:03:13	0.00000000000005898338
2018/08/21 14:03:14	0.00000000687625867357	2018/08/21 14:03:30	0.00000000001913440066	2018/08/21 14:03:31	0.00000000001132791777	2018/08/21 14:03:47	0.00000000000981232109	2018/08/21 14:03:48	0.00000000020521509492	2018/08/21 14:03:34	0.00000000023277162142	2018/08/21 14:03:36	0.00000000000589544906	2018/08/21 14:03:37	0.00000000050161153009	2018/08/21 14:03:38	0.00000000000112616784	2018/08/21 14:03:39	0.00000000000037218045	2018/08/21 14:03:40	0.00000000000071746732	2018/08/21 14:03:41	0.00000000007956797027	2018/08/21 14:03:42	0.00000000000004939524	2018/08/21 14:03:28	0.00000000000005582775
2018/08/21 14:03:29	0.00000000687625867357	2018/08/21 14:03:45	0.00000000001984837468	2018/08/21 14:03:46	0.00000000001154495510	2018/08/21 14:04:02	0.00000000000950785804	2018/08/21 14:04:03	0.00000000020437498915	2018/08/21 14:03:49	0.00000000023401902638	2018/08/21 14:03:51	0.00000000000598991169	2018/08/21 14:03:52	0.00000000049987314288	2018/08/21 14:03:52	0.00000000000121819449	2018/08/21 14:03:54	0.00000000000036389197	2018/08/21 14:03:55	0.00000000000065719484	2018/08/21 14:03:56	0.00000000007938940477	2018/08/21 14:03:57	0.00000000000005302008	2018/08/21 14:03:43	0.00000000000006577551
2018/08/21 14:03:44	0.00000000685898005059	2018/08/21 14:04:00	0.00000000001928580733	2018/08/21 14:04:01	0.00000000001136512238	2018/08/21 14:04:17	0.00000000001002601301	2018/08/21 14:04:18	0.00000000020618064200	2018/08/21 14:04:04	0.00000000023370844149	2018/08/21 14:04:05	0.00000000000598964888	2018/08/21 14:04:06	0.00000000049836729188	2018/08/21 14:04:07	0.00000000000119484143	2018/08/21 14:04:08	0.00000000000037525975	2018/08/21 14:04:09	0.00000000000074077826	2018/08/21 14:04:11	0.00000000007938940477	2018/08/21 14:04:12	0.00000000000005088555	2018/08/21 14:03:58	0.00000000000004507205
2018/08/21 14:03:59	0.00000000684468837164	2018/08/21 14:04:15	0.00000000001898063130	2018/08/21 14:04:16	0.00000000001161439781	2018/08/21 14:04:32	0.00000000000993854478	2018/08/21 14:04:33	0.00000000020644359833	2018/08/21 14:04:19	0.00000000023274092376	2018/08/21 14:04:20	0.00000000000582707407	2018/08/21 14:04:21	0.00000000049771176069	2018/08/21 14:04:22	0.00000000000118503157	2018/08/21 14:04:23	0.00000000000034345668	2018/08/21 14:04:24	0.00000000000065597397	2018/08/21 14:04:25	0.00000000007985028611	2018/08/21 14:04:26	0.00000000000005557002	2018/08/21 14:04:13	0.00000000000006107207
2018/08/21 14:04:14	0.00000000684676626506	2018/08/21 14:04:30	0.00000000001976288924	2018/08/21 14:04:31	0.00000000001140509041	2018/08/21 14:04:46	0.00000000000944141206	2018/08/21 14:04:47	0.00000000020590404382	2018/08/21 14:04:34	0.00000000023265926685	2018/08/21 14:04:35	0.00000000000596179226	2018/08/21 14:04:36	0.00000000049999737683	2018/08/21 14:04:37	0.00000000000115193239	2018/08/21 14:04:38	0.00000000000034854820	2018/08/21 14:04:39	0.00000000000075515782	2018/08/21 14:04:40	0.00000000007955160142	2018/08/21 14:04:41	0.00000000000005543888	2018/08/21 14:04:27	0.00000000000006508695
2018/08/21 14:04:28	0.00000000685005918655	2018/08/21 14:04:44	0.00000000001889129478	2018/08/21 14:04:45	0.00000000001123117658	2018/08/21 14:05:01	0.00000000000984949188	2018/08/21 14:05:02	0.00000000020712033477	2018/08/21 14:04:49	0.00000000023593133003	2018/08/21 14:04:50	0.00000000000609200841	2018/08/21 14:04:51	0.00000000049966125681	2018/08/21 14:04:52	0.00000000000118569076	2018/08/21 14:04:53	0.00000000000038592385	2018/08/21 14:04:54	0.00000000000071933686	2018/08/21 14:04:55	0.00000000008012664837	2018/08/21 14:04:56	0.00000000000006415804	2018/08/21 14:04:42	0.00000000000005666006
2018/08/21 14:04:43	0.00000000684315759614	2018/08/21 14:04:59	0.00000000001904804786	2018/08/21 14:05:00	0.00000000001157929221	2018/08/21 14:05:16	0.00000000000994442462	2018/08/21 14:05:17	0.00000000020752738417	2018/08/21 14:05:04	0.00000000023660590154	2018/08/21 14:05:04	0.00000000000617799822	2018/08/21 14:05:06	0.00000000050158915910	2018/08/21 14:05:07	0.00000000000119758055	2018/08/21 14:05:08	0.00000000000038378518	2018/08/21 14:05:09	0.00000000000070679373	2018/08/21 14:05:10	0.00000000008049611672	2018/08/21 14:05:11	0.00000000000005258483	2018/08/21 14:04:57	0.00000000000006108699
2018/08/21 14:04:58	0.00000000682740353142	2018/08/21 14:05:14	0.00000000002001436517	2018/08/21 14:05:15	0.00000000001134887843	2018/08/21 14:05:31	0.00000000001038215867	2018/08/21 14:05:32	0.00000000020645642140	2018/08/21 14:05:18	0.00000000023679494476	2018/08/21 14:05:19	0.00000000000602297379	2018/08/21 14:05:20	0.00000000050119830508	2018/08/21 14:05:21	0.00000000000113896750	2018/08/21 14:05:22	0.00000000000032379091	2018/08/21 14:05:24	0.00000000000067375299	2018/08/21 14:05:25	0.00000000008008525093	2018/08/21 14:05:26	0.00000000000006257690	2018/08/21 14:05:12	0.00000000000006198145
2018/08/21 14:05:13	0.00000000684703893583	2018/08/21 14:05:29	0.00000000001967100614	2018/08/21 14:05:30	0.00000000001176802752	2018/08/21 14:05:46	0.00000000001026282097	2018/08/21 14:05:47	0.00000000020633532383	2018/08/21 14:05:33	0.00000000023750323930	2018/08/21 14:05:34	0.00000000000601634931	2018/08/21 14:05:35	0.00000000049925580337	2018/08/21 14:05:36	0.00000000000118366417	2018/08/21 14:05:37	0.00000000000037538578	2018/08/21 14:05:38	0.00000000000069150480	2018/08/21 14:05:39	0.00000000008032238763	2018/08/21 14:05:40	0.00000000000006072600	2018/08/21 14:05:27	0.00000000000005379385
2018/08/21 14:05:28	0.00000000684528389527	2018/08/21 14:05:44	0.00000000001977468016	2018/08/21 14:05:45	0.00000000001138043913	2018/08/21 14:06:01	0.00000000000950610250	2018/08/21 14:06:02	0.00000000020806766032	2018/08/21 14:05:48	0.00000000023870397325	2018/08/21 14:05:49	0.00000000000613343881	2018/08/21 14:05:50	0.00000000050203896595	2018/08/21 14:05:51	0.00000000000109344315	2018/08/21 14:05:52	0.00000000000037438807	2018/08/21 14:05:53	0.00000000000069996054	2018/08/21 14:05:54	0.00000000008036366017	2018/08/21 14:05:55	0.00000000000006528378	2018/08/21 14:05:42	0.00000000000005668308
2018/08/21 14:05:43	0.00000000683960799108	2018/08/21 14:05:59	0.00000000001972360643	2018/08/21 14:06:00	0.00000000001091975642	2018/08/21 14:06:16	0.00000000000962296388	2018/08/21 14:06:17	0.00000000020696437619	2018/08/21 14:06:03	0.00000000024038018798	2018/08/21 14:06:04	0.00000000000599420470	2018/08/21 14:06:05	0.00000000050096915505	2018/08/21 14:06:06	0.00000000000126594579	2018/08/21 14:06:07	0.00000000000035215017	2018/08/21 14:06:08	0.00000000000068637728	2018/08/21 14:06:09	0.00000000008052710582	2018/08/21 14:06:10	0.00000000000006574166	2018/08/21 14:05:57	0.00000000000008182817
2018/08/21 14:05:58	0.00000000684174139565	2018/08/21 14:06:13	0.00000000001986282146	2018/08/21 14:06:14	0.00000000001182717552	2018/08/21 14:06:30	0.00000000001070445208	2018/08/21 14:06:32	0.00000000020844793946	2018/08/21 14:06:18	0.00000000024115232033	2018/08/21 14:06:19	0.00000000000614543832	2018/08/21 14:06:20	0.00000000050062554102	2018/08/21 14:06:21	0.00000000000109216748	2018/08/21 14:06:22	0.00000000000035006405	2018/08/21 14:06:23	0.00000000000071505388	2018/08/21 14:06:24	0.00000000008057197270	2018/08/21 14:06:25	0.00000000000006057259	2018/08/21 14:06:11	0.00000000000006009614
2018/08/21 14:06:12	0.00000000684744572155	2018/08/21 14:06:28	0.00000000001929110864	2018/08/21 14:06:29	0.00000000001150062597	2018/08/21 14:06:46	0.00000000002019870382	2018/08/21 14:06:46	0.00000000052611959234	2018/08/21 14:06:33	0.00000000024000579302	2018/08/21 14:06:34	0.00000000000673211920	2018/08/21 14:06:35	0.00000000055238208452	2018/08/21 14:06:36	0.00000000000130463826	2018/08/21 14:06:37	0.00000000000037008119	2018/08/21 14:06:38	0.00000000000076217076	2018/08/21 14:06:39	0.00000000008273191854	2018/08/21 14:06:40	0.00000000000005462291	2018/08/21 14:06:26	0.00000000000005217737
2018/08/21 14:06:27	0.00000000684564360753	2018/08/21 14:06:43	0.00000000002845149116	2018/08/21 14:06:44	0.00000000001576212598	2018/08/21 14:07:00	0.00000000000701666589	2018/08/21 14:07:01	0.00000000019036759669	2018/08/21 14:06:47	0.00000000027807092740	2018/08/21 14:06:48	0.00000000000598836562	2018/08/21 14:06:50	0.00000000030088240233	2018/08/21 14:06:50	0.00000000000086822249	2018/08/21 14:06:52	0.00000000000024359396	2018/08/21 14:06:53	0.00000000000041805031	2018/08/21 14:06:54	0.00000000004367418927	2018/08/21 14:06:55	0.00000000000005603117	2018/08/21 14:06:41	0.00000000000005217737
2018/08/21 14:06:42	0.00000000712434644612	2018/08/21 14:06:58	0.00000000003206874002	2018/08/21 14:06:59	0.00000000000763862498	2018/08/21 14:07:15	0.00000000000729392154	2018/08/21 14:07:16	0.00000000018721939277	2018/08/21 14:07:02	0.00000000015418225030	2018/08/21 14:07:03	0.00000000000222740381	2018/08/21 14:07:04	0.00000000017076468017	2018/08/21 14:07:05	0.00000000000047372745	2018/08/21 14:07:06	0.00000000000024359396	2018/08/21 14:07:08	0.00000000000030543414	2018/08/21 14:07:09	0.00000000003646550770	2018/08/21 14:07:10	0.00000000000004998212	2018/08/21 14:06:56	0.00000000000004792013
2018/08/21 14:06:57	0.00000000121872234526	2018/08/21 14:07:13	0.00000000003468941107	2018/08/21 14:07:14	0.00000000000739867109	2018/08/21 14:07:30	0.00000000000692653617	2018/08/21 14:07:32	0.00000000018362435183	2018/08/21 14:07:17	0.00000000014351825284	2018/08/21 14:07:18	0.00000000000205028898	2018/08/21 14:07:19	0.00000000016498168109	2018/08/21 14:07:20	0.00000000000044073442	2018/08/21 14:07:21	0.00000000000021186471	2018/08/21 14:07:23	0.00000000000026700080	2018/08/21 14:07:23	0.00000000003572036764	2018/08/21 14:07:24	0.00000000000005366790	2018/08/21 14:07:11	0.00000000000005553030
2018/08/21 14:07:12	0.00000000110028219868	2018/08/21 14:07:28	0.00000000003561207579	2018/08/21 14:07:29	0.00000000000723240825	2018/08/21 14:07:45	0.00000000000675978327	2018/08/21 14:07:46	0.00000000018221696374	2018/08/21 14:07:32	0.00000000013863740711	2018/08/21 14:07:33	0.00000000000206408285	2018/08/21 14:07:34	0.00000000016236863243	2018/08/21 14:07:35	0.00000000000048170625	2018/08/21 14:07:36	0.00000000000021009555	2018/08/21 14:07:37	0.00000000000027961642	2018/08/21 14:07:38	0.00000000003510162647	2018/08/21 14:07:39	0.00000000000005310343	2018/08/21 14:07:25	0.00000000000005615016
2018/08/21 14:07:27	0.00000000110028219868	2018/08/21 14:07:42	0.00000000003597676324	2018/08/21 14:07:43	0.00000000000777236261	2018/08/21 14:08:00	0.00000000000692124309	2018/08/21 14:08:01	0.00000000018296132664	2018/08/21 14:07:47	0.00000000013635383100	2018/08/21 14:07:48	0.00000000000193869985	2018/08/21 14:07:49	0.00000000016100219769	2018/08/21 14:07:50	0.00000000000048916220	2018/08/21 14:07:51	0.00000000000019305418	2018/08/21 14:07:52	0.00000000000027961642	2018/08/21 14:07:53	0.00000000003406999335	2018/08/21 14:07:54	0.00000000000004709418	2018/08/21 14:07:40	0.00000000000005379837
2018/08/21 14:07:41	0.00000000109787912095	2018/08/21 14:07:57	0.00000000003557693376	2018/08/21 14:07:58	0.00000000000716376611	2018/08/21 14:08:14	0.00000000000681504679	2018/08/21 14:08:15	0.00000000017979180644	2018/08/21 14:08:01	0.00000000013518958175	2018/08/21 14:08:03	0.00000000000197624534	2018/08/21 14:08:04	0.00000000015844210666	2018/08/21 14:08:05	0.00000000000041403317	2018/08/21 14:08:06	0.00000000000018198877	2018/08/21 14:08:07	0.00000000000028033530	2018/08/21 14:08:08	0.00000000003364973925	2018/08/21 14:08:09	0.00000000000005744068	2018/08/21 14:07:55	0.00000000000004924946
2018/08/21 14:07:56	0.00000000109731168596	2018/08/21 14:08:12	0.00000000003583518898	2018/08/21 14:08:13	0.00000000000733331278	2018/08/21 14:08:29	0.00000000000701725353	2018/08/21 14:08:30	0.00000000017943498076	2018/08/21 14:08:16	0.00000000013284930100	2018/08/21 14:08:17	0.00000000000201182690	2018/08/21 14:08:18	0.00000000015725354352	2018/08/21 14:08:20	0.00000000000046927105	2018/08/21 14:08:21	0.00000000000022962220	2018/08/21 14:08:22	0.00000000000029050048	2018/08/21 14:08:23	0.00000000003342437785	2018/08/21 14:08:24	0.00000000000004836817	2018/08/21 14:08:10	0.00000000000004907107
2018/08/21 14:08:11	0.00000000109813957927	2018/08/21 14:08:27	0.00000000003645799634	2018/08/21 14:08:28	0.00000000000700652340	2018/08/21 14:08:44	0.00000000000676983252	2018/08/21 14:08:45	0.00000000017897097693	2018/08/21 14:08:31	0.00000000013142097133	2018/08/21 14:08:32	0.00000000000198931518	2018/08/21 14:08:33	0.00000000015557401201	2018/08/21 14:08:35	0.00000000000048017151	2018/08/21 14:08:35	0.00000000000018868846	2018/08/21 14:08:37	0.00000000000029504345	2018/08/21 14:08:38	0.00000000003308364693	2018/08/21 14:08:39	0.00000000000005203916	2018/08/21 14:08:25	0.00000000000005694624
2018/08/21 14:08:26	0.00000000110362019523	2018/08/21 14:08:42	0.00000000003634742160	2018/08/21 14:08:43	0.00000000000719796618	2018/08/21 14:08:59	0.00000000000687652236	2018/08/21 14:09:00	0.00000000017795212526	2018/08/21 14:08:46	0.00000000013014467282	2018/08/21 14:08:47	0.00000000000198528043	2018/08/21 14:08:48	0.00000000015540581322	2018/08/21 14:08:49	0.00000000000046151304	2018/08/21 14:08:50	0.00000000000020728098	2018/08/21 14:08:51	0.00000000000023589887	2018/08/21 14:08:52	0.00000000003319671621	2018/08/21 14:08:54	0.00000000000005877944	2018/08/21 14:08:40	0.00000000000005861114
2018/08/21 14:08:41	0.00000000110373710172	2018/08/21 14:08:57	0.00000000003660064266	2018/08/21 14:08:58	0.00000000000705873250	2018/08/21 14:09:14	0.00000000000697774824	2018/08/21 14:09:15	0.00000000017795312446	2018/08/21 14:09:01	0.00000000012911338665	2018/08/21 14:09:02	0.00000000000197764353	2018/08/21 14:09:03	0.00000000015354842398	2018/08/21 14:09:04	0.00000000000051297296	2018/08/21 14:09:05	0.00000000000018235561	2018/08/21 14:09:06	0.00000000000032044896	2018/08/21 14:09:07	0.00000000003243297297	2018/08/21 14:09:08	0.00000000000005680274	2018/08/21 14:08:55	0.00000000000005540946
2018/08/21 14:08:56	0.00000000110287667887	2018/08/21 14:09:11	0.00000000003578711980	2018/08/21 14:09:13	0.00000000000754556313	2018/08/21 14:09:28	0.00000000000703140671	2018/08/21 14:09:29	0.00000000017727616597	2018/08/21 14:09:16	0.00000000012803676175	2018/08/21 14:09:17	0.00000000000186105948	2018/08/21 14:09:18	0.00000000015302971390	2018/08/21 14:09:19	0.00000000000048241126	2018/08/21 14:09:20	0.00000000000017137576	2018/08/21 14:09:21	0.00000000000031314930	2018/08/21 14:09:22	0.00000000003254800596	2018/08/21 14:09:23	0.00000000000004893877	2018/08/21 14:09:09	0.00000000000005438743
2018/08/21 14:09:10	0.00000000110757214511	2018/08/21 14:09:26	0.00000000003587611111	2018/08/21 14:09:27	0.00000000000722552660	2018/08/21 14:09:43	0.00000000000709813762	2018/08/21 14:09:44	0.00000000017590244539	2018/08/21 14:09:30	0.00000000012717464581	2018/08/21 14:09:31	0.00000000000199932996	2018/08/21 14:09:33	0.00000000015450765667	2018/08/21 14:09:34	0.00000000000042456205	2018/08/21 14:09:35	0.00000000000020928120	2018/08/21 14:09:36	0.00000000000026614748	2018/08/21 14:09:37	0.00000000003171548787	2018/08/21 14:09:38	0.00000000000005562232	2018/08/21 14:09:24	0.00000000000005824856
2018/08/21 14:09:25	0.00000000110263320696	2018/08/21 14:09:41	0.00000000003593332923	2018/08/21 14:09:42	0.00000000000744806040	2018/08/21 14:09:58	0.00000000000692418518	2018/08/21 14:09:59	0.00000000017553926368	2018/08/21 14:09:45	0.00000000012610472389	2018/08/21 14:09:46	0.00000000000189330496	2018/08/21 14:09:47	0.00000000015319394364	2018/08/21 14:09:48	0.00000000000040979256	2018/08/21 14:09:50	0.00000000000019924482	2018/08/21 14:09:51	0.00000000000026828512	2018/08/21 14:09:52	0.00000000003164126253	2018/08/21 14:09:53	0.00000000000004678017	2018/08/21 14:09:39	0.00000000000004209939
2018/08/21 14:09:40	0.00000000110722264690	2018/08/21 14:09:56	0.00000000003525051778	2018/08/21 14:09:57	0.00000000000713496710	2018/08/21 14:10:13	0.00000000000684733823	2018/08/21 14:10:14	0.00000000017707729727	2018/08/21 14:10:00	0.00000000012520105785	2018/08/21 14:10:01	0.00000000000194229854	2018/08/21 14:10:02	0.00000000015215242954	2018/08/21 14:10:03	0.00000000000042154214	2018/08/21 14:10:05	0.00000000000018173973	2018/08/21 14:10:05	0.00000000000025858978	2018/08/21 14:10:06	0.00000000003166674215	2018/08/21 14:10:08	0.00000000000004354338	2018/08/21 14:09:54	0.00000000000006157845
2018/08/21 14:09:55	0.00000000110683950894	2018/08/21 14:10:11	0.00000000003597771386	2018/08/21 14:10:12	0.00000000000750951818	2018/08/21 14:10:28	0.00000000000691695486	2018/08/21 14:10:29	0.00000000017475922098	2018/08/21 14:10:15	0.00000000012445321163	2018/08/21 14:10:16	0.00000000000187150209	2018/08/21 14:10:17	0.00000000015199491665	2018/08/21 14:10:18	0.00000000000046630066	2018/08/21 14:10:19	0.00000000000018945843	2018/08/21 14:10:20	0.00000000000029159997	2018/08/21 14:10:21	0.00000000003121767081	2018/08/21 14:10:22	0.00000000000006176731	2018/08/21 14:10:09	0.00000000000006114126
2018/08/21 14:10:10	0.00000000110668751940	2018/08/21 14:10:26	0.00000000003658159192	2018/08/21 14:10:27	0.00000000000709069132	2018/08/21 14:10:43	0.00000000000700582994	2018/08/21 14:10:44	0.00000000017417657594	2018/08/21 14:10:30	0.00000000012238843272	2018/08/21 14:10:31	0.00000000000189097544	2018/08/21 14:10:32	0.00000000015052185887	2018/08/21 14:10:33	0.00000000000039652423	2018/08/21 14:10:34	0.00000000000022837865	2018/08/21 14:10:35	0.00000000000025916023	2018/08/21 14:10:36	0.00000000003144195321	2018/08/21 14:10:37	0.00000000000005621426	2018/08/21 14:10:23	0.00000000000005583339
2018/08/21 14:10:25	0.00000000110830455924	2018/08/21 14:10:40	0.00000000003571347038	2018/08/21 14:10:41	0.00000000000717269039	2018/08/21 14:13:19	0.00000000000686062318	2018/08/21 14:13:20	0.00000000017337795089	2018/08/21 14:10:45	0.00000000012339516908	2018/08/21 14:10:46	0.00000000000192341997	2018/08/21 14:10:47	0.00000000015143868104	2018/08/21 14:10:48	0.00000000000043878977	2018/08/21 14:10:49	0.00000000000017570491	2018/08/21 14:10:50	0.00000000000027322526	2018/08/21 14:10:51	0.00000000003092107473	2018/08/21 14:10:52	0.00000000000005586466	2018/08/21 14:10:38	0.00000000000004894762
2018/08/21 14:10:39	0.00000000110389564156	2018/08/21 14:10:56	0.00000000000000000000	2018/08/21 14:10:56	0.00000000000000000000	2018/08/21 14:13:34	0.00000000000686062318	2018/08/21 14:13:35	0.00000000017234887129	2018/08/21 14:13:21	0.00000000011835243896	2018/08/21 14:13:22	0.00000000000185770930	2018/08/21 14:13:23	0.00000000014794930558	2018/08/21 14:13:24	0.00000000000043410851	2018/08/21 14:13:25	0.00000000000022481774	2018/08/21 14:13:26	0.00000000000025010574	2018/08/21 14:13:28	0.00000000003013968589	2018/08/21 14:13:29	0.00000000000004438010	2018/08/21 14:10:53	0.00000000000004759171
2018/08/21 14:10:55	0.00000000110876219317	2018/08/21 14:13:17	0.00000000003599949158	2018/08/21 14:13:18	0.00000000000736932477	2018/08/21 14:13:49	0.00000000000702278990	2018/08/21 14:13:50	0.00000000017134396679	2018/08/21 14:13:36	0.00000000011823199364	2018/08/21 14:13:37	0.00000000000172611795	2018/08/21 14:13:38	0.00000000014773261781	2018/08/21 14:13:39	0.00000000000037949749	2018/08/21 14:13:40	0.00000000000016597070	2018/08/21 14:13:41	0.00000000000021611232	2018/08/21 14:13:42	0.00000000002914624792	2018/08/21 14:13:43	0.00000000000005015156	2018/08/21 14:13:30	0.00000000000006119093
2018/08/21 14:13:16	0.00000000112778653083	2018/08/21 14:13:32	0.00000000003633230522	2018/08/21 14:13:33	0.00000000000736932477	2018/08/21 14:14:04	0.00000000000690187968	2018/08/21 14:14:05	0.00000000017175605382	2018/08/21 14:13:51	0.00000000011833749258	2018/08/21 14:13:52	0.00000000000183477951	2018/08/21 14:13:53	0.00000000014638670831	2018/08/21 14:13:54	0.00000000000042572657	2018/08/21 14:13:55	0.00000000000019393805	2018/08/21 14:13:56	0.00000000000028520524	2018/08/21 14:13:57	0.00000000002918505021	2018/08/21 14:13:58	0.00000000000006021471	2018/08/21 14:13:44	0.00000000000007011025
2018/08/21 14:13:31	0.00000000112030695831	2018/08/21 14:13:47	0.00000000003566635182	2018/08/21 14:13:48	0.00000000000699738488	2018/08/21 14:14:18	0.00000000000717991291	2018/08/21 14:14:19	0.00000000017049694989	2018/08/21 14:14:06	0.00000000011775166953	2018/08/21 14:14:07	0.00000000000183335617	2018/08/21 14:14:08	0.00000000014633023959	2018/08/21 14:14:09	0.00000000000042330083	2018/08/21 14:14:10	0.00000000000020860718	2018/08/21 14:14:11	0.00000000000026786803	2018/08/21 14:14:12	0.00000000002908956930	2018/08/21 14:14:13	0.00000000000004695702	2018/08/21 14:13:59	0.00000000000005647249
2018/08/21 14:13:45	0.00000000111686726534	2018/08/21 14:14:01	0.00000000003525707504	2018/08/21 14:14:02	0.00000000000706013720	2018/08/21 14:14:33	0.00000000000687712604	2018/08/21 14:14:34	0.00000000017142978703	2018/08/21 14:14:20	0.00000000011743662987	2018/08/21 14:14:22	0.00000000000163449278	2018/08/21 14:14:23	0.00000000014501512491	2018/08/21 14:14:24	0.00000000000040717611	2018/08/21 14:14:25	0.00000000000018240171	2018/08/21 14:14:26	0.00000000000028532702	2018/08/21 14:14:27	0.00000000002944298971	2018/08/21 14:14:28	0.00000000000004684428	2018/08/21 14:14:14	0.00000000000005223184
2018/08/21 14:14:00	0.00000000111692655125	2018/08/21 14:14:16	0.00000000003593030040	2018/08/21 14:14:17	0.00000000000710558088	2018/08/21 14:14:48	0.00000000000674438196	2018/08/21 14:14:49	0.00000000017142978703	2018/08/21 14:14:35	0.00000000011534705135	2018/08/21 14:14:36	0.00000000000184277528	2018/08/21 14:14:37	0.00000000014387115110	2018/08/21 14:14:38	0.00000000000041152541	2018/08/21 14:14:40	0.00000000000020311759	2018/08/21 14:14:41	0.00000000000027057932	2018/08/21 14:14:42	0.00000000002829711986	2018/08/21 14:14:43	0.00000000000005556008	2018/08/21 14:14:29	0.00000000000007245392
2018/08/21 14:14:15	0.00000000111849707274	2018/08/21 14:14:31	0.00000000003634069087	2018/08/21 14:14:32	0.00000000000714695273	2018/08/21 14:15:03	0.00000000000696138069	2018/08/21 14:15:04	0.00000000016968354499	2018/08/21 14:14:50	0.00000000011441286113	2018/08/21 14:14:51	0.00000000000176234082	2018/08/21 14:14:52	0.00000000014382751934	2018/08/21 14:14:53	0.00000000000046539346	2018/08/21 14:14:54	0.00000000000018917375	2018/08/21 14:14:55	0.00000000000026461781	2018/08/21 14:14:56	0.00000000002895539711	2018/08/21 14:14:58	0.00000000000005063927	2018/08/21 14:14:44	0.00000000000005314902
2018/08/21 14:14:30	0.00000000111565434668	2018/08/21 14:14:46	0.00000000003577644084	2018/08/21 14:14:47	0.00000000000702397125	2018/08/21 14:15:18	0.00000000000702630142	2018/08/21 14:15:19	0.00000000016776616207	2018/08/21 14:15:05	0.00000000011478103190	2018/08/21 14:15:06	0.00000000000171354012	2018/08/21 14:15:07	0.00000000014519910274	2018/08/21 14:15:08	0.00000000000044266354	2018/08/21 14:15:09	0.00000000000017288804	2018/08/21 14:15:10	0.00000000000027817795	2018/08/21 14:15:11	0.00000000002844161538	2018/08/21 14:15:12	0.00000000000005152989	2018/08/21 14:14:59	0.00000000000005623563
2018/08/21 14:14:45	0.00000000110994657909	2018/08/21 14:15:01	0.00000000003588999237	2018/08/21 14:15:02	0.00000000000725875002	2018/08/21 14:15:33	0.00000000000691912239	2018/08/21 14:15:34	0.00000000016860297880	2018/08/21 14:15:20	0.00000000011446510406	2018/08/21 14:15:21	0.00000000000171655246	2018/08/21 14:15:22	0.00000000014232703904	2018/08/21 14:15:23	0.00000000000038764743	2018/08/21 14:15:24	0.00000000000017147862	2018/08/21 14:15:25	0.00000000000026561839	2018/08/21 14:15:26	0.00000000002891543255	2018/08/21 14:15:27	0.00000000000004990828	2018/08/21 14:15:13	0.00000000000005450024
2018/08/21 14:15:00	0.00000000111073028553	2018/08/21 14:15:16	0.00000000003610963958	2018/08/21 14:15:17	0.00000000000724998924	2018/08/21 14:15:47	0.00000000000694869292	2018/08/21 14:15:48	0.00000000016855608576	2018/08/21 14:15:35	0.00000000011326518196	2018/08/21 14:15:36	0.00000000000171009235	2018/08/21 14:15:37	0.00000000014306511531	2018/08/21 14:15:38	0.00000000000046412738	2018/08/21 14:15:39	0.00000000000018584442	2018/08/21 14:15:40	0.00000000000025432805	2018/08/21 14:15:41	0.00000000002839558449	2018/08/21 14:15:42	0.00000000000004970042	2018/08/21 14:15:28	0.00000000000004970361
2018/08/21 14:15:14	0.00000000111114528689	2018/08/21 14:15:30	0.00000000003546303182	2018/08/21 14:15:31	0.00000000000722249257	2018/08/21 14:16:02	0.00000000000684121379	2018/08/21 14:16:03	0.00000000016826147420	2018/08/21 14:15:49	0.00000000011289275070	2018/08/21 14:15:50	0.00000000000168040072	2018/08/21 14:15:52	0.00000000014247146518	2018/08/21 14:15:53	0.00000000000046412738	2018/08/21 14:15:54	0.00000000000018759751	2018/08/21 14:15:55	0.00000000000028850023	2018/08/21 14:15:56	0.00000000002863189026	2018/08/21 14:15:57	0.00000000000005000365	2018/08/21 14:15:43	0.00000000000004914603
2018/08/21 14:15:29	0.00000000110404696496	2018/08/21 14:15:45	0.00000000003539277205	2018/08/21 14:15:46	0.00000000000726248662	2018/08/21 14:16:17	0.00000000000691141675	2018/08/21 14:16:18	0.00000000017529952490	2018/08/21 14:16:04	0.00000000011440513120	2018/08/21 14:16:05	0.00000000000182616400	2018/08/21 14:16:06	0.00000000014509538016	2018/08/21 14:16:07	0.00000000000039077996	2018/08/21 14:16:08	0.00000000000019568913	2018/08/21 14:16:10	0.00000000000028850023	2018/08/21 14:16:11	0.00000000002990128631	2018/08/21 14:16:12	0.00000000000005655732	2018/08/21 14:15:58	0.00000000000005964744
2018/08/21 14:15:44	0.00000000110897435679	2018/08/21 14:16:00	0.00000000003543198027	2018/08/21 14:16:01	0.00000000000717592956	2018/08/21 14:16:32	0.00000000001004633356	2018/08/21 14:16:33	0.00000000021335395950	2018/08/21 14:16:19	0.00000000011984151171	2018/08/21 14:16:20	0.00000000000217347884	2018/08/21 14:16:21	0.00000000020242033050	2018/08/21 14:16:22	0.00000000000059156987	2018/08/21 14:16:23	0.00000000000033036383	2018/08/21 14:16:24	0.00000000000500617776	2018/08/21 14:16:25	0.00000000079650208651	2018/08/21 14:16:26	0.00000000000015781728	2018/08/21 14:16:13	0.00000000000005517122
2018/08/21 14:15:59	0.00000000111205700204	2018/08/21 14:16:15	0.00000000003564653434	2018/08/21 14:16:16	0.00000000000756689156	2018/08/21 14:16:47	0.00000000000927923710	2018/08/21 14:16:48	0.00000000020077355056	2018/08/21 14:16:34	0.00000000019700083231	2018/08/21 14:16:35	0.00000000000613497664	2018/08/21 14:16:36	0.00000000052876097945	2018/08/21 14:16:37	0.00000000000125497225	2018/08/21 14:16:38	0.00000000000041048125	2018/08/21 14:16:39	0.00000000000075536750	2018/08/21 14:16:40	0.00000000008463876128	2018/08/21 14:16:41	0.00000000000004824792	2018/08/21 14:16:27	0.00000000000009542893
2018/08/21 14:16:14	0.00000000124971666349	2018/08/21 14:16:30	0.00000000002358217614	2018/08/21 14:16:31	0.00000000001173931178	2018/08/21 14:17:01	0.00000000000964820585	2018/08/21 14:17:03	0.00000000019758661374	2018/08/21 14:16:49	0.00000000019804696771	2018/08/21 14:16:50	0.00000000000586887700	2018/08/21 14:16:51	0.00000000049534765179	2018/08/21 14:16:52	0.00000000000117130372	2018/08/21 14:16:53	0.00000000000033708979	2018/08/21 14:16:54	0.00000000000067903300	2018/08/21 14:16:55	0.00000000007880102126	2018/08/21 14:16:56	0.00000000000005462706	2018/08/21 14:16:42	0.00000000000006352540
2018/08/21 14:16:29	0.00000000716111481225	2018/08/21 14:16:44	0.00000000002143681586	2018/08/21 14:16:46	0.00000000001107774549	2018/08/21 14:17:16	0.00000000000873550624	2018/08/21 14:17:17	0.00000000019526100181	2018/08/21 14:17:04	0.00000000019803533813	2018/08/21 14:17:05	0.00000000000584517374	2018/08/21 14:17:06	0.00000000048193277147	2018/08/21 14:17:07	0.00000000000113048676	2018/08/21 14:17:08	0.00000000000033708979	2018/08/21 14:17:09	0.00000000000071425353	2018/08/21 14:17:10	0.00000000007718597983	2018/08/21 14:17:11	0.00000000000005399357	2018/08/21 14:16:57	0.00000000000004757767
2018/08/21 14:16:43	0.00000000693666368790	2018/08/21 14:16:59	0.00000000002023810286	2018/08/21 14:17:00	0.00000000001074907784	2018/08/21 14:17:31	0.00000000000913893006	2018/08/21 14:17:32	0.00000000019507534477	2018/08/21 14:17:18	0.00000000019910721683	2018/08/21 14:17:19	0.00000000000569297474	2018/08/21 14:17:20	0.00000000048060755375	2018/08/21 14:17:21	0.00000000000110681765	2018/08/21 14:17:23	0.00000000000036945883	2018/08/21 14:17:24	0.00000000000060129646	2018/08/21 14:17:25	0.00000000007532250518	2018/08/21 14:17:26	0.00000000000006253843	2018/08/21 14:17:12	0.00000000000006617769
2018/08/21 14:16:58	0.00000000684791512384	2018/08/21 14:17:14	0.00000000001953963380	2018/08/21 14:17:15	0.00000000001065004595	2018/08/21 14:17:46	0.00000000000853837313	2018/08/21 14:17:47	0.00000000019482847280	2018/08/21 14:17:33	0.00000000020107161769	2018/08/21 14:17:34	0.00000000000567588684	2018/08/21 14:17:35	0.00000000047659720614	2018/08/21 14:17:36	0.00000000000111488130	2018/08/21 14:17:37	0.00000000000036294438	2018/08/21 14:17:38	0.00000000000063335020	2018/08/21 14:17:39	0.00000000007422905346	2018/08/21 14:17:41	0.00000000000006514955	2018/08/21 14:17:27	0.00000000000006651599
2018/08/21 14:17:13	0.00000000679449385643	2018/08/21 14:17:29	0.00000000002097795028	2018/08/21 14:17:30	0.00000000001095102221	2018/08/21 14:18:01	0.00000000000918452467	2018/08/21 14:18:02	0.00000000019328565137	2018/08/21 14:17:48	0.00000000020271520573	2018/08/21 14:17:49	0.00000000000571952945	2018/08/21 14:17:50	0.00000000047409209891	2018/08/21 14:17:51	0.00000000000109440289	2018/08/21 14:17:52	0.00000000000036938210	2018/08/21 14:17:53	0.00000000000064341474	2018/08/21 14:17:54	0.00000000007535932295	2018/08/21 14:17:55	0.00000000000005773279	2018/08/21 14:17:42	0.00000000000004905110
2018/08/21 14:17:28	0.00000000675740441380	2018/08/21 14:17:44	0.00000000002061496980	2018/08/21 14:17:45	0.00000000001080746256	2018/08/21 14:18:16	0.00000000000897072607	2018/08/21 14:18:17	0.00000000019508937521	2018/08/21 14:18:03	0.00000000020474291706	2018/08/21 14:18:04	0.00000000000560059854	2018/08/21 14:18:05	0.00000000047448356355	2018/08/21 14:18:06	0.00000000000108881025	2018/08/21 14:18:07	0.00000000000033167899	2018/08/21 14:18:08	0.00000000000072034783	2018/08/21 14:18:09	0.00000000007466613439	2018/08/21 14:18:10	0.00000000000004864106	2018/08/21 14:17:57	0.00000000000005178291
2018/08/21 14:17:43	0.00000000673533451234	2018/08/21 14:17:59	0.00000000001989423730	2018/08/21 14:18:00	0.00000000001072254178	2018/08/21 14:18:30	0.00000000000918926480	2018/08/21 14:18:31	0.00000000019371525217	2018/08/21 14:18:18	0.00000000020487438135	2018/08/21 14:18:19	0.00000000000593836915	2018/08/21 14:18:20	0.00000000047402992642	2018/08/21 14:18:21	0.00000000000111476464	2018/08/21 14:18:22	0.00000000000034726090	2018/08/21 14:18:23	0.00000000000066363299	2018/08/21 14:18:24	0.00000000007470089131	2018/08/21 14:18:25	0.00000000000005963953	2018/08/21 14:18:11	0.00000000000006846995
2018/08/21 14:17:58	0.00000000672696254256	2018/08/21 14:18:13	0.00000000001894728992	2018/08/21 14:18:14	0.00000000001095483253	2018/08/21 14:18:45	0.00000000000878520954	2018/08/21 14:18:46	0.00000000019464180268	2018/08/21 14:18:32	0.00000000020711231341	2018/08/21 14:18:33	0.00000000000575087200	2018/08/21 14:18:35	0.00000000047400688929	2018/08/21 14:18:36	0.00000000000112630304	2018/08/21 14:18:37	0.00000000000036331642	2018/08/21 14:18:38	0.00000000000070667517	2018/08/21 14:18:39	0.00000000007418304165	2018/08/21 14:18:40	0.00000000000004340756	2018/08/21 14:18:26	0.00000000000006196512
2018/08/21 14:18:12	0.00000000672741773400	2018/08/21 14:18:28	0.00000000002014157938	2018/08/21 14:18:29	0.00000000001115900514	2018/08/21 14:19:00	0.00000000000929368908	2018/08/21 14:19:01	0.00000000019564447284	2018/08/21 14:18:47	0.00000000020859085292	2018/08/21 14:18:48	0.00000000000583498874	2018/08/21 14:18:49	0.00000000047443904361	2018/08/21 14:18:50	0.00000000000115900659	2018/08/21 14:18:51	0.00000000000032131627	2018/08/21 14:18:52	0.00000000000066764882	2018/08/21 14:18:54	0.00000000007400879909	2018/08/21 14:18:55	0.00000000000006416794	2018/08/21 14:18:41	0.00000000000005156499
2018/08/21 14:18:27	0.00000000671826461129	2018/08/21 14:18:43	0.00000000001967134788	2018/08/21 14:18:44	0.00000000001054166910	2018/08/21 14:19:15	0.00000000000904317593	2018/08/21 14:19:16	0.00000000019422122244	2018/08/21 14:19:02	0.00000000021154060448	2018/08/21 14:19:03	0.00000000000587309411	2018/08/21 14:19:04	0.00000000047258813529	2018/08/21 14:19:05	0.00000000000120408338	2018/08/21 14:19:06	0.00000000000036361818	2018/08/21 14:19:08	0.00000000000066300763	2018/08/21 14:19:08	0.00000000007417527009	2018/08/21 14:19:09	0.00000000000005674228	2018/08/21 14:18:56	0.00000000000005498706
2018/08/21 14:18:42	0.00000000671387700990	2018/08/21 14:18:58	0.00000000002016613092	2018/08/21 14:18:59	0.00000000001070855991	2018/08/21 14:21:48	0.00000000000928760627	2018/08/21 14:21:49	0.00000000020158504033	2018/08/21 14:19:17	0.00000000021266513550	2018/08/21 14:19:18	0.00000000000582470704	2018/08/21 14:19:19	0.00000000047484322030	2018/08/21 14:19:20	0.00000000000109302595	2018/08/21 14:19:21	0.00000000000039916258	2018/08/21 14:19:23	0.00000000000000000000	2018/08/21 14:19:24	0.00000000000000000000	2018/08/21 14:19:25	0.00000000000000000000	2018/08/21 14:19:11	0.00000000000006182993
2018/08/21 14:18:57	0.00000000671920741269	2018/08/21 14:19:13	0.00000000001963732128	2018/08/21 14:19:14	0.00000000001081337624	2018/08/21 14:22:03	0.00000000000996640964	2018/08/21 14:22:04	0.00000000020163408443	2018/08/21 14:21:50	0.00000000022836021962	2018/08/21 14:21:51	0.00000000000583902718	2018/08/21 14:21:52	0.00000000048714826617	2018/08/21 14:21:53	0.00000000000115271117	2018/08/21 14:21:54	0.00000000000035987074	2018/08/21 14:21:56	0.00000000000072290687	2018/08/21 14:21:57	0.00000000007658194912	2018/08/21 14:21:58	0.00000000000006737758	2018/08/21 14:19:25	0.00000000000000000000
2018/08/21 14:19:12	0.00000000673490196945	2018/08/21 14:21:46	0.00000000002009102953	2018/08/21 14:21:47	0.00000000001164639132	2018/08/21 14:22:18	0.00000000000993111236	2018/08/21 14:22:19	0.00000000020085180741	2018/08/21 14:22:05	0.00000000022867061023	2018/08/21 14:22:06	0.00000000000579113580	2018/08/21 14:22:07	0.00000000048662385232	2018/08/21 14:22:08	0.00000000000113641789	2018/08/21 14:22:09	0.00000000000038373888	2018/08/21 14:22:11	0.00000000000069649104	2018/08/21 14:22:12	0.00000000007699364757	2018/08/21 14:22:13	0.00000000000005498104	2018/08/21 14:21:59	0.00000000000005971189
2018/08/21 14:21:45	0.00000000682652512296	2018/08/21 14:22:01	0.00000000001949993465	2018/08/21 14:22:02	0.00000000001164639132	2018/08/21 14:22:33	0.00000000000995738908	2018/08/21 14:22:34	0.00000000020176088578	2018/08/21 14:22:20	0.00000000022891261109	2018/08/21 14:22:21	0.00000000000585306933	2018/08/21 14:22:22	0.00000000048411402664	2018/08/21 14:22:23	0.00000000000115728542	2018/08/21 14:22:24	0.00000000000035874794	2018/08/21 14:22:25	0.00000000000063437759	2018/08/21 14:22:26	0.00000000007666237090	2018/08/21 14:22:27	0.00000000000005662523	2018/08/21 14:22:14	0.00000000000005479569
2018/08/21 14:22:00	0.00000000681747414077	2018/08/21 14:22:16	0.00000000001910996882	2018/08/21 14:22:17	0.00000000001121616515	2018/08/21 14:22:48	0.00000000000992556211	2018/08/21 14:22:49	0.00000000020111547150	2018/08/21 14:22:35	0.00000000023094345880	2018/08/21 14:22:36	0.00000000000588784143	2018/08/21 14:22:37	0.00000000048374965145	2018/08/21 14:22:38	0.00000000000118777622	2018/08/21 14:22:39	0.00000000000035637368	2018/08/21 14:22:40	0.00000000000074863276	2018/08/21 14:22:41	0.00000000007651099199	2018/08/21 14:22:42	0.00000000000005666784	2018/08/21 14:22:28	0.00000000000006290332
2018/08/21 14:22:15	0.00000000681043754724	2018/08/21 14:22:31	0.00000000002008317124	2018/08/21 14:22:32	0.00000000001115774660	2018/08/21 14:23:02	0.00000000000949876289	2018/08/21 14:23:03	0.00000000020050770766	2018/08/21 14:22:50	0.00000000023084827105	2018/08/21 14:22:51	0.00000000000582082169	2018/08/21 14:22:52	0.00000000048373088868	2018/08/21 14:22:53	0.00000000000118394053	2018/08/21 14:22:54	0.00000000000034207836	2018/08/21 14:22:55	0.00000000000065717294	2018/08/21 14:22:56	0.00000000007666917795	2018/08/21 14:22:57	0.00000000000005528840	2018/08/21 14:22:43	0.00000000000006383650
2018/08/21 14:22:29	0.00000000681088874188	2018/08/21 14:22:46	0.00000000001950661507	2018/08/21 14:22:47	0.00000000001148490504	2018/08/21 14:23:17	0.00000000000920561630	2018/08/21 14:23:18	0.00000000020196670725	2018/08/21 14:23:05	0.00000000023133001070	2018/08/21 14:23:06	0.00000000000600204175	2018/08/21 14:23:07	0.00000000048271764364	2018/08/21 14:23:08	0.00000000000111537797	2018/08/21 14:23:09	0.00000000000037743159	2018/08/21 14:23:10	0.00000000000070657439	2018/08/21 14:23:11	0.00000000007698866544	2018/08/21 14:23:12	0.00000000000005353681	2018/08/21 14:22:58	0.00000000000005236692
2018/08/21 14:22:44	0.00000000679677292226	2018/08/21 14:23:00	0.00000000001909093716	2018/08/21 14:23:01	0.00000000001092866162	2018/08/21 14:23:32	0.00000000000951838001	2018/08/21 14:23:33	0.00000000020188953287	2018/08/21 14:23:19	0.00000000023220206313	2018/08/21 14:23:20	0.00000000000593404405	2018/08/21 14:23:22	0.00000000048342996273	2018/08/21 14:23:23	0.00000000000111537797	2018/08/21 14:23:24	0.00000000000033206456	2018/08/21 14:23:25	0.00000000000064266908	2018/08/21 14:23:26	0.00000000007615867659	2018/08/21 14:23:27	0.00000000000006094847	2018/08/21 14:23:13	0.00000000000005912907
2018/08/21 14:22:59	0.00000000679663525460	2018/08/21 14:23:15	0.00000000002028326465	2018/08/21 14:23:16	0.00000000001118501559	2018/08/21 14:23:47	0.00000000000999883336	2018/08/21 14:23:48	0.00000000020211790575	2018/08/21 14:23:34	0.00000000023280116723	2018/08/21 14:23:35	0.00000000000601536139	2018/08/21 14:23:37	0.00000000048296044941	2018/08/21 14:23:38	0.00000000000119663415	2018/08/21 14:23:38	0.00000000000039106441	2018/08/21 14:23:40	0.00000000000071311219	2018/08/21 14:23:41	0.00000000007667493723	2018/08/21 14:23:42	0.00000000000005637696	2018/08/21 14:23:28	0.00000000000006829118
2018/08/21 14:23:14	0.00000000678085276817	2018/08/21 14:23:30	0.00000000001859102629	2018/08/21 14:23:31	0.00000000001128558445	2018/08/21 14:24:02	0.00000000000970073240	2018/08/21 14:24:03	0.00000000020024724934	2018/08/21 14:23:49	0.00000000023307264452	2018/08/21 14:23:50	0.00000000000580849084	2018/08/21 14:23:51	0.00000000048446963108	2018/08/21 14:23:52	0.00000000000113910595	2018/08/21 14:23:53	0.00000000000036272659	2018/08/21 14:23:54	0.00000000000074767558	2018/08/21 14:23:55	0.00000000007752561093	2018/08/21 14:23:56	0.00000000000007321716	2018/08/21 14:23:43	0.00000000000006455267
2018/08/21 14:23:29	0.00000000679206069165	2018/08/21 14:23:45	0.00000000001927210475	2018/08/21 14:23:46	0.00000000001137473709	2018/08/21 14:24:17	0.00000000000998739980	2018/08/21 14:24:18	0.00000000020076919294	2018/08/21 14:24:04	0.00000000023413110339	2018/08/21 14:24:05	0.00000000000614363985	2018/08/21 14:24:06	0.00000000048370613071	2018/08/21 14:24:07	0.00000000000116037963	2018/08/21 14:24:08	0.00000000000032632309	2018/08/21 14:24:09	0.00000000000068698812	2018/08/21 14:24:10	0.00000000007704630683	2018/08/21 14:24:11	0.00000000000005124163	2018/08/21 14:23:58	0.00000000000006210172
2018/08/21 14:23:44	0.00000000678311673497	2018/08/21 14:24:00	0.00000000001998724450	2018/08/21 14:24:01	0.00000000001117009697	2018/08/21 14:24:31	0.00000000000945471045	2018/08/21 14:24:33	0.00000000020213458685	2018/08/21 14:24:19	0.00000000023560653428	2018/08/21 14:24:20	0.00000000000569624643	2018/08/21 14:24:21	0.00000000048625942162	2018/08/21 14:24:22	0.00000000000117647320	2018/08/21 14:24:23	0.00000000000031837475	2018/08/21 14:24:24	0.00000000000082133161	2018/08/21 14:24:25	0.00000000007692960158	2018/08/21 14:24:26	0.00000000000006060112	2018/08/21 14:24:13	0.00000000000005148931
2018/08/21 14:23:59	0.00000000678727252179	2018/08/21 14:24:14	0.00000000001907466199	2018/08/21 14:24:16	0.00000000001142401278	2018/08/21 14:24:46	0.00000000000954877843	2018/08/21 14:24:48	0.00000000020280382929	2018/08/21 14:24:34	0.00000000023631130386	2018/08/21 14:24:35	0.00000000000584780488	2018/08/21 14:24:36	0.00000000048366127769	2018/08/21 14:24:37	0.00000000000115659489	2018/08/21 14:24:38	0.00000000000039631484	2018/08/21 14:24:39	0.00000000000073055364	2018/08/21 14:24:40	0.00000000007710834748	2018/08/21 14:24:41	0.00000000000005418001	2018/08/21 14:24:27	0.00000000000006235258
2018/08/21 14:24:13	0.00000000677710021435	2018/08/21 14:24:29	0.00000000001977213011	2018/08/21 14:24:30	0.00000000001127954761	2018/08/21 14:25:01	0.00000000000993928377	2018/08/21 14:25:02	0.00000000020394477773	2018/08/21 14:24:48	0.00000000023576246511	2018/08/21 14:24:49	0.00000000000596552929	2018/08/21 14:24:51	0.00000000048651965789	2018/08/21 14:24:52	0.00000000000116089245	2018/08/21 14:24:53	0.00000000000034886574	2018/08/21 14:24:54	0.00000000000071462215	2018/08/21 14:24:55	0.00000000007757584852	2018/08/21 14:24:56	0.00000000000006267942	2018/08/21 14:24:42	0.00000000000005948385
2018/08/21 14:24:29	0.00000000678955780486	2018/08/21 14:24:44	0.00000000001937675020	2018/08/21 14:24:45	0.00000000001140289512	2018/08/21 14:25:16	0.00000000000969021304	2018/08/21 14:25:17	0.00000000020161557146	2018/08/21 14:25:03	0.00000000023654159187	2018/08/21 14:25:04	0.00000000000597450388	2018/08/21 14:25:05	0.00000000048693771237	2018/08/21 14:25:07	0.00000000000120113826	2018/08/21 14:25:08	0.00000000000033459395	2018/08/21 14:25:09	0.00000000000075385000	2018/08/21 14:25:10	0.00000000007757273296	2018/08/21 14:25:11	0.00000000000005750477	2018/08/21 14:24:57	0.00000000000005835322
2018/08/21 14:24:43	0.00000000679479406074	2018/08/21 14:24:59	0.00000000001888862504	2018/08/21 14:25:00	0.00000000001163275726	2018/08/21 14:25:31	0.00000000000957689136	2018/08/21 14:25:32	0.00000000020531429334	2018/08/21 14:25:18	0.00000000023744220479	2018/08/21 14:25:19	0.00000000000622973938	2018/08/21 14:25:20	0.00000000048615483861	2018/08/21 14:25:21	0.00000000000114421450	2018/08/21 14:25:22	0.00000000000037554457	2018/08/21 14:25:23	0.00000000000071398215	2018/08/21 14:25:24	0.00000000007739816427	2018/08/21 14:25:25	0.00000000000005287631	2018/08/21 14:25:12	0.00000000000006410700
2018/08/21 14:24:58	0.00000000679479406074	2018/08/21 14:25:14	0.00000000001885535478	2018/08/21 14:25:15	0.00000000001117964575	2018/08/21 14:25:46	0.00000000000934064284	2018/08/21 14:25:47	0.00000000020248805410	2018/08/21 14:25:33	0.00000000023835561302	2018/08/21 14:25:34	0.00000000000622973938	2018/08/21 14:25:35	0.00000000048696530142	2018/08/21 14:25:36	0.00000000000115916153	2018/08/21 14:25:37	0.00000000000035294115	2018/08/21 14:25:38	0.00000000000069400849	2018/08/21 14:25:39	0.00000000007837575033	2018/08/21 14:25:41	0.00000000000005382278	2018/08/21 14:25:27	0.00000000000005560569
2018/08/21 14:25:13	0.00000000678880507365	2018/08/21 14:25:29	0.00000000001939476878	2018/08/21 14:25:30	0.00000000001142749957					2018/08/21 14:25:48	0.00000000024035368140	2018/08/21 14:25:49	0.00000000000594418915	2018/08/21 14:25:50	0.00000000048814874365	2018/08/21 14:25:51	0.00000000000118075688	2018/08/21 14:25:52	0.00000000000040887514	2018/08/21 14:25:53	0.00000000000077832315	2018/08/21 14:25:54	0.00000000007744342667	2018/08/21 14:25:55	0.00000000000005626892	2018/08/21 14:25:41	0.00000000000006701419
2018/08/21 14:25:28	0.00000000680359679706	2018/08/21 14:25:44	0.00000000001875298354	2018/08/21 14:25:45	0.00000000001090717100																					2018/08/21 14:25:56	0.00000000000006102342
2018/08/21 14:25:42	0.00000000679839029516	2018/08/21 14:25:58	0.00000000001894168676																								
2018/08/21 14:25:57	0.00000000681354972443																										
